index;x;y;z
0;0.053696;-0.202454;-1.015579
1;0.165161;-0.210419;-1.054672
2;0.138641;-0.225540;-1.032867
3;0.082947;-0.242493;-0.961761
4;0.121094;-0.256241;-0.915482
5;0.116409;-0.248032;-0.968658
6;0.171478;-0.241577;-1.065186
7;0.176956;-0.215103;-0.911575
8;0.038116;-0.288666;-0.736145
9;0.110336;-0.272141;-1.058258
10;0.188324;-0.246185;-0.985123
11;0.175690;-0.284927;-0.840973
12;0.164200;-0.345047;-0.800049
13;0.270035;-0.263184;-0.875046
14;0.214798;-0.281601;-0.963333
15;0.149384;-0.278168;-0.912903
16;0.121780;-0.319717;-0.847076
17;0.191635;-0.373001;-0.788956
18;0.154633;-0.337830;-0.845413
19;0.176041;-0.242126;-0.940170
20;0.290634;-0.193314;-0.907486
21;0.344666;-0.173660;-1.257568
22;0.339691;-0.373032;-0.850281
23;0.391647;-0.257095;-1.035812
24;0.574646;-0.286163;-1.117661
25;0.583389;-0.255524;-0.887573
26;0.586929;-0.304367;-0.762589
27;0.457565;-0.170532;-0.954636
28;0.608337;-0.166565;-0.972870
29;0.618896;-0.195099;-0.798828
30;0.568848;-0.216370;-0.783951
31;0.562012;-0.307053;-0.800339
32;0.375381;-0.181549;-0.789017
33;0.379501;-0.154785;-0.703796
34;0.036362;-0.059998;-0.462830
35;-0.045761;0.034119;-0.484726
36;0.191742;-0.005585;-0.498062
37;0.194687;0.004364;-0.291016
38;0.364716;-0.014725;-0.434723
39;0.877090;-0.046677;-0.665039
40;0.938705;-0.007263;-0.519928
41;0.827408;0.157043;-0.360886
42;0.914795;0.360306;-0.656708
43;1.288971;0.512314;-1.179581
44;1.159592;0.573318;-1.223862
45;0.692856;0.308090;0.111267
46;1.410141;0.476685;-0.795273
47;1.446625;0.441071;-0.583298
48;0.921387;0.583420;-0.247391
49;0.775391;0.608200;-0.091812
50;0.822495;0.505463;-0.332153
51;0.880859;0.430298;-0.294250
52;0.685699;0.461136;-0.290359
53;0.850494;0.492081;-0.161285
54;0.824127;0.536804;-0.108887
55;0.291733;0.652588;-0.237198
56;0.661896;0.711639;-0.321472
57;0.827011;0.823669;-0.150375
58;1.050186;0.802597;-0.026703
59;1.213272;0.894135;0.518524
60;0.658096;0.730179;0.198380
61;0.859772;0.570541;-0.039764
62;0.995834;0.503876;0.108032
63;1.022507;0.583038;0.210617
64;0.505249;0.509460;-1.218811
65;0.477554;0.660217;-0.192093
66;0.402618;0.806442;-0.099976
67;0.354919;0.695419;0.002213
68;0.244553;0.522385;-0.160828
69;0.145294;0.841461;-0.024170
70;1.600769;0.805801;0.161331
71;0.585266;0.686523;-0.266449
72;0.396790;0.452591;-0.450241
73;0.641663;0.780548;-0.056335
74;0.585403;0.375229;-0.218811
75;0.586151;0.469589;-0.310226
76;0.717575;1.120926;-0.298462
77;0.554596;0.912033;-0.351364
78;0.221207;1.004471;0.049149
79;0.435318;1.515625;-1.024872
80;-0.238876;1.113556;0.060562
81;0.329285;0.850403;0.322464
82;0.248138;1.131210;-0.074066
83;0.190826;0.851562;-0.028854
84;0.284088;0.198044;0.095276
85;0.211670;0.916565;-0.129959
86;0.194092;0.899185;-0.101303
87;0.170181;0.729050;0.042740
88;0.090958;0.639313;-0.117722
89;0.186218;0.371399;-0.036560
90;0.053894;0.998672;0.000534
91;0.220566;3.235229;0.271729
92;-0.107346;1.272003;-0.057129
93;-0.035873;0.912384;-0.158447
94;0.090851;0.973099;-0.064789
95;0.261093;0.891769;-0.044449
96;0.159790;0.868225;-0.075439
97;0.204147;0.930038;-0.093140
98;0.241333;1.032104;0.040985
99;-0.063065;1.078064;-0.150620
100;-0.075272;1.412750;-0.260162
101;0.155533;1.275070;-0.194855
102;-0.226578;1.315643;-0.474655
103;-0.301819;1.162674;-0.156296
104;-0.003098;1.187469;-0.116745
105;-0.028244;0.989975;-0.246811
106;-0.019012;0.870972;-0.055740
107;-0.052338;0.790070;-0.246918
108;0.037048;0.722336;-0.212479
109;-0.025269;0.633087;-0.238663
110;0.069199;0.751938;-0.307312
111;0.131287;0.740738;-0.388947
112;0.022034;0.718933;-0.451553
113;-0.033051;0.793839;-0.509247
114;-0.088882;0.853790;-0.534164
115;-0.009888;0.931992;-0.600571
116;0.126144;0.917053;-0.527634
117;-0.005203;0.958176;-0.630981
118;-0.221771;2.146820;-0.676697
119;-0.041901;0.644211;0.006744
120;-0.995346;-0.221558;-0.136169
121;0.756638;1.326385;0.406082
122;0.355759;1.262909;-0.471695
123;0.010010;0.778442;-0.198166
124;-0.141220;0.914261;-0.037201
125;0.110214;1.078583;-0.083572
126;0.039948;1.032822;-0.133499
127;0.095261;0.966217;0.028946
128;0.141556;1.016937;-0.037476
129;0.057007;1.023666;-0.035995
130;-0.046692;1.006577;-0.045700
131;-0.007721;1.026108;-0.081268
132;0.111984;0.975555;-0.156219
133;0.265060;0.943863;-0.209961
134;0.176575;1.100174;-0.336227
135;0.124542;1.027313;-0.514526
136;0.350891;1.361694;-0.165985
137;-0.024796;1.263077;-0.428818
138;-0.232300;1.089401;-0.077148
139;-0.049850;1.568680;0.155670
140;0.061371;1.381027;-0.344376
141;-0.049789;1.202499;-0.099854
142;-0.138733;1.054367;-0.086349
143;-0.150009;0.818924;-0.130447
144;-0.112610;0.726364;-0.075775
145;-0.192459;0.500000;0.013763
146;-0.154572;0.388428;-0.008057
147;0.011337;0.466125;-0.191803
148;0.142792;0.655991;-0.599792
149;0.275955;1.157700;-0.931305
150;0.062378;1.183365;-0.760101
151;-0.065933;0.767075;-0.546921
152;0.035645;0.584320;-0.381302
153;-0.764816;1.968430;-0.580414
154;0.327209;1.327255;-0.291245
155;-0.559555;0.262100;0.324661
156;0.429901;1.408554;-0.010834
157;0.485687;1.257156;-0.006241
158;-0.252457;0.817032;-0.072800
159;-0.242432;0.908600;-0.028137
160;0.072723;0.924469;-0.049713
161;0.258331;0.873062;0.023987
162;0.213913;0.865234;0.008987
163;0.110336;0.993576;-0.105942
164;0.013199;0.996414;-0.139023
165;0.295837;1.071182;-0.186066
166;0.214157;1.053558;-0.004684
167;0.406891;1.205109;-0.021530
168;0.189133;1.165634;-0.330643
169;0.286942;1.131058;-0.370804
170;0.568420;1.366669;-0.192627
171;-0.122513;1.373367;-0.420883
172;-0.634186;1.412949;0.184128
173;-0.034882;1.359711;-0.008896
174;0.485733;1.422470;-0.296188
175;0.056992;1.095886;0.145874
176;-0.244751;0.794647;-0.051132
177;-0.088181;0.568054;-0.044876
178;-0.009842;0.472687;0.045303
179;-0.037872;0.494781;0.105682
180;-0.179504;0.542007;-0.058426
181;-0.014877;0.736191;-0.506241
182;0.105652;1.157608;-0.736923
183;-0.152924;1.055069;-0.771225
184;0.051086;0.975983;-0.456894
185;0.008270;1.235977;-0.832855
186;0.046036;2.000641;-1.025635
187;-0.451477;0.127075;0.927353
188;-0.529480;-0.084412;0.676971
189;0.759003;2.282822;-0.511826
190;0.516388;0.889221;-0.009888
191;-0.367966;0.827637;0.047562
192;-0.180374;1.010345;-0.017883
193;-0.062210;0.962067;-0.074783
194;-0.000214;0.807648;0.013672
195;0.064163;0.931351;-0.055115
196;0.035080;1.034592;-0.070572
197;0.078384;1.090897;-0.237732
198;0.247223;1.027008;-0.221909
199;0.243347;1.112717;-0.090256
200;0.456863;1.222946;-0.272079
201;0.536377;1.226181;-0.291412
202;0.280518;1.409729;-0.031982
203;-0.464020;1.177444;-0.245758
204;-0.432358;1.376938;0.484192
205;0.046677;1.573975;-0.344315
206;0.154068;1.085693;-0.135757
207;-0.011703;0.982605;0.075485
208;-0.026901;0.854843;-0.116287
209;-0.060684;0.768341;-0.057831
210;-0.249817;0.555786;0.125854
211;-0.271332;0.455658;0.032394
212;-0.221390;0.576477;-0.122650
213;-0.037918;0.838058;-0.490219
214;0.086212;1.084320;-0.917847
215;0.171738;1.212494;-0.722519
216;0.315231;1.007492;-0.515900
217;-0.118301;0.985001;-0.412628
218;0.078308;2.207230;-0.285156
219;-0.872345;0.330643;-0.321884
220;-0.193924;-0.111481;1.372284
221;0.639740;2.253494;-0.385452
222;0.274689;0.904999;-0.071899
223;-0.561752;0.748093;-0.015350
224;-0.081802;0.962448;-0.044708
225;0.160492;0.914368;-0.062592
226;0.089935;0.880814;-0.063553
227;0.167084;0.917297;-0.069000
228;0.116592;1.023041;-0.153656
229;0.140411;0.967590;-0.159134
230;0.232971;1.061890;-0.132629
231;0.378601;1.095901;-0.132782
232;0.398193;1.183716;-0.423416
233;0.434067;1.066208;-0.383301
234;0.361481;1.576019;-0.636627
235;-0.481216;1.359482;0.022141
236;-0.735962;1.486130;0.272491
237;0.165527;1.477951;-0.471313
238;0.246872;1.198318;-0.126038
239;-0.222824;0.955521;-0.047577
240;-0.219711;0.738846;-0.199387
241;-0.068604;0.549728;-0.097244
242;-0.123199;0.345291;0.017258
243;-0.058273;0.344757;-0.024628
244;-0.065338;0.501129;-0.286377
245;0.108170;0.851685;-0.929016
246;0.158249;1.322083;-1.115768
247;0.059891;0.891800;-0.590012
248;0.083054;0.737625;-0.492126
249;-0.131241;2.067154;-0.682678
250;0.019165;0.964951;0.261002
251;-0.941620;0.075562;0.057877
252;0.397186;1.405289;0.031662
253;0.630936;1.352493;0.034271
254;-0.181213;0.778763;-0.065125
255;-0.154816;0.996796;-0.025772
256;-0.062531;0.938980;-0.143158
257;0.058563;0.821289;-0.075150
258;0.118011;0.868134;-0.138458
259;0.341049;0.858521;-0.021805
260;0.212814;0.903397;-0.087128
261;0.006546;1.013962;-0.151947
262;0.089630;1.085876;-0.111679
263;0.428253;1.202881;-0.127670
264;0.332947;1.245285;-0.527237
265;0.693604;1.267059;-0.272980
266;0.262634;1.471466;-0.667755
267;-0.715805;1.434326;0.300278
268;-0.440430;1.472626;0.078369
269;0.409622;1.453369;-0.437225
270;0.114273;1.152725;0.084381
271;-0.126526;0.787613;-0.054611
272;-0.196823;0.593887;-0.032852
273;-0.087753;0.443237;0.026184
274;-0.214279;0.360825;0.042892
275;-0.153381;0.364197;-0.089523
276;0.000412;0.712250;-0.484146
277;0.361404;1.402939;-1.060547
278;0.296204;1.189713;-0.963242
279;0.211685;0.775253;-0.208450
280;0.050247;0.910538;-0.028198
281;-0.078735;2.352219;0.064224
282;-0.573608;0.062668;0.659378
283;-0.054932;0.304459;0.919785
284;1.037720;2.025253;0.016235
285;0.021194;0.866898;-0.063843
286;-0.390137;0.755844;-0.037704
287;-0.056122;0.928329;-0.013641
288;0.114777;0.847549;0.036957
289;-0.006485;0.861938;0.064621
290;0.100723;0.928452;-0.027222
291;0.217590;1.068069;-0.153564
292;0.169083;1.116409;-0.110748
293;0.316116;1.187393;-0.054199
294;0.292542;1.297821;-0.228836
295;0.258835;1.175827;-0.566345
296;0.439133;1.366867;-0.175156
297;-0.055954;1.349365;-0.385239
298;-1.144989;1.543900;0.559250
299;-0.164536;1.346390;-0.058044
300;0.390320;1.428711;-0.117142
301;0.005066;0.991898;-0.006256
302;-0.251968;0.832840;-0.014160
303;-0.188141;0.642014;-0.038269
304;-0.172363;0.387390;0.029404
305;-0.094757;0.368134;-0.013260
306;0.012955;0.512054;-0.206497
307;0.162506;0.808777;-0.680176
308;0.392685;1.434921;-0.974792
309;0.039536;0.879654;-0.700668
310;-0.331970;1.813843;-0.552917
311;0.735626;1.322922;0.802414
312;-1.815964;-0.489624;-0.682144
313;0.674423;1.226364;0.505325
314;1.365112;1.866623;-0.061493
315;-0.322266;0.713425;0.039581
316;-0.317566;0.905701;0.028366
317;-0.061081;1.146042;-0.085526
318;-0.033707;0.841660;-0.082962
319;-0.031082;0.836548;0.026062
320;-0.010590;0.837997;-0.021149
321;0.072189;0.969528;-0.067017
322;0.171799;1.073029;-0.164825
323;0.101471;1.129425;-0.240677
324;0.395813;1.137695;-0.164780
325;0.459244;1.212296;-0.409531
326;0.546188;1.385345;-0.364838
327;-0.068481;1.325058;-0.243134
328;-0.982773;1.649155;0.279297
329;-0.281693;1.232544;0.169968
330;-0.046387;1.291275;-0.330688
331;0.008209;1.034393;-0.006531
332;-0.122787;0.863358;-0.004471
333;-0.241852;0.677414;-0.112793
334;-0.113068;0.524124;0.000916
335;-0.159973;0.382690;0.051117
336;-0.125015;0.420609;-0.117096
337;-0.017181;0.608856;-0.441284
338;0.390091;1.172455;-0.991898
339;0.227737;1.396133;-1.135544
340;-0.160385;0.819962;-0.492813
341;-0.348495;1.986832;-0.365234
342;0.135727;1.742676;-0.264877
343;-0.907394;-0.368332;0.303909
344;0.483170;0.439758;0.929520
345;0.925034;2.290741;-0.237747
346;-0.110825;0.764511;-0.020462
347;-0.382645;0.862564;0.069992
348;-0.057449;1.024750;-0.064285
349;0.018784;0.945114;-0.054245
350;-0.010254;0.884232;-0.037567
351;0.039536;0.925568;-0.060745
352;0.040710;0.970001;-0.072342
353;0.115662;0.970032;-0.233521
354;0.214355;1.127502;-0.229507
355;0.427444;1.145905;-0.201828
356;0.405746;1.189102;-0.566589
357;0.500534;1.018631;-0.199875
358;-0.216278;1.473389;-0.603302
359;-0.461716;1.716309;0.535995
360;-0.387833;1.380127;-0.031906
361;0.087372;1.402603;-0.423203
362;0.230865;0.981232;-0.036606
363;-0.072250;0.884323;-0.062347
364;-0.221298;0.702866;-0.114075
365;-0.145660;0.490936;0.002609
366;-0.193787;0.276932;0.127121
367;-0.136795;0.407440;-0.017410
368;-0.136749;0.717087;-0.407791
369;0.274628;1.314468;-1.110580
370;0.198364;1.406250;-1.199951
371;-0.094070;0.796890;-0.348892
372;-0.156067;1.655289;-0.323364
373;0.255463;1.735336;-0.794998
374;-0.666855;0.053101;0.887680
375;-0.409409;-0.071182;0.513489
376;0.539337;2.440842;-0.502121
377;0.239258;0.798233;-0.012787
378;-0.333801;0.794022;0.003632
379;-0.096085;1.077957;-0.065857
380;-0.005066;0.898163;-0.136063
381;0.016541;0.908401;0.006714
382;0.043701;0.879822;-0.017334
383;0.190994;0.930176;-0.001450
384;0.162323;0.965057;-0.102188
385;0.075363;0.983002;-0.155899
386;0.150986;1.122681;-0.046204
387;0.294693;1.285690;-0.148254
388;0.207092;1.197586;-0.350479
389;0.725113;1.505936;-0.176132
390;0.247360;1.413910;-0.312912
391;-0.497086;1.077667;-0.311676
392;-0.327988;1.397095;0.246872
393;0.422974;1.314056;-0.129333
394;0.037964;1.386765;-0.219772
395;-0.254349;1.108109;0.132004
396;-0.306580;0.701462;-0.066360
397;-0.076401;0.596268;0.018143
398;-0.078827;0.417175;-0.003723
399;-0.262390;0.334671;0.035233
400;-0.159271;0.368744;-0.142395
401;0.256088;0.774216;-0.791016
402;0.586746;1.590042;-1.087204
403;0.246170;0.887863;-0.594513
404;-0.036972;0.532227;-0.178314
405;-0.387665;1.993500;-0.481812
406;-0.040421;1.409760;-0.873016
407;-0.624359;-0.032791;0.320618
408;0.556992;0.990784;0.148605
409;0.638596;1.655014;-0.098007
410;-0.309174;0.807739;-0.044479
411;-0.285736;0.827332;-0.014664
412;0.063324;1.017731;-0.047607
413;0.071350;0.850388;-0.037476
414;0.003784;0.832993;0.034393
415;0.075531;0.946823;-0.047455
416;0.148102;0.924896;-0.218689
417;0.178009;1.078827;-0.135040
418;0.083832;1.125458;-0.133972
419;0.415527;1.260300;-0.191330
420;0.489944;1.416901;-0.271317
421;0.285065;1.497284;-0.256668
422;-0.419891;1.233246;-0.467621
423;-0.581406;1.279236;0.560715
424;0.086792;1.566315;-0.270203
425;0.211456;1.245682;-0.205002
426;-0.037994;0.941818;0.158173
427;-0.072693;0.621857;-0.111465
428;-0.046753;0.541748;0.017883
429;-0.202621;0.423187;0.118393
430;-0.290176;0.400360;0.096176
431;-0.381424;0.570786;-0.029190
432;-0.078171;0.942062;-0.722702
433;0.485229;1.806442;-1.336899
434;-0.052505;1.059387;-0.755875
435;-0.250259;0.675629;-0.312485
436;-0.281967;2.319839;-0.484467
437;0.009476;0.759079;-0.022049
438;-1.002731;-0.153625;0.237137
439;0.229599;1.629272;0.001816
440;0.849457;1.357834;0.057953
441;-0.212692;0.793304;0.041412
442;-0.294403;0.900925;-0.060028
443;-0.018646;0.911255;-0.089050
444;0.137085;0.879135;0.036026
445;0.048477;0.858536;-0.025726
446;0.049301;0.961670;-0.005417
447;0.184509;1.033737;-0.146057
448;0.098358;1.090469;-0.097382
449;0.258911;1.145752;-0.003067
450;0.349136;1.262131;-0.067245
451;0.108948;1.212265;-0.488266
452;0.532135;1.364670;-0.284714
453;0.077271;1.232254;-0.518906
454;-0.575363;1.324829;0.082413
455;-0.351791;1.498383;0.313385
456;0.313919;1.368942;-0.292679
457;-0.035995;1.112686;0.003510
458;-0.222412;0.853973;0.046799
459;-0.202271;0.653961;-0.018539
460;-0.154205;0.539856;0.070587
461;-0.207947;0.493439;0.100739
462;-0.274918;0.480377;-0.000259
463;-0.252548;0.588776;-0.371811
464;0.175140;1.055420;-0.900024
465;0.090179;1.367599;-0.979599
466;-0.128754;0.937042;-0.589233
467;-0.170013;0.719482;-0.462311
468;-0.165588;0.450333;0.042953
469;-0.753571;2.432617;-0.855026
470;0.530624;0.478378;1.775055
471;-0.630356;-0.182755;0.725571
472;0.472382;1.801010;-0.015869
473;0.514114;1.196838;-0.089828
474;-0.498062;0.788483;-0.025986
475;-0.155533;0.882950;-0.034241
476;0.031128;0.940735;-0.139175
477;0.115051;0.867172;0.020554
478;0.114792;0.946762;-0.034164
479;0.120071;1.101379;-0.204971
480;0.163879;0.984329;-0.160950
481;0.075897;1.091751;-0.198410
482;0.378448;1.222427;-0.058884
483;0.209488;1.237961;-0.517349
484;0.611755;1.540543;-0.112503
485;-0.089859;1.294525;-0.331467
486;-0.863373;1.055710;0.169327
487;-0.210510;1.667572;0.183411
488;0.547028;1.493607;-0.286362
489;0.009857;1.082291;0.166550
490;-0.145157;0.957657;-0.005600
491;-0.085632;0.642853;-0.047012
492;-0.211685;0.462708;0.079132
493;-0.306076;0.354599;0.094406
494;-0.374786;0.401810;-0.057175
495;-0.166443;0.768738;-0.358994
496;0.021454;1.268997;-0.884018
497;0.397186;1.195084;-0.885086
498;0.483856;1.080978;-0.322571
499;0.279633;0.688019;-0.488098
500;-0.336685;1.483459;0.070801
501;-0.279724;1.655731;-0.303619
502;-0.405823;0.285278;0.284500
503;-0.142197;0.503387;0.581818
504;0.772644;1.696335;-0.333572
505;0.056488;0.903564;0.009201
506;-0.226898;0.821838;-0.005539
507;0.020828;0.944534;-0.033371
508;0.049240;0.930405;-0.047913
509;-0.031967;0.824463;0.021317
510;0.081192;0.963593;0.061386
511;0.079041;1.010300;-0.129440
512;0.129059;1.098984;-0.060287
513;0.044510;1.140060;-0.079529
514;0.375763;1.245911;0.024399
515;0.154312;1.206177;-0.388077
516;0.536118;1.371735;-0.282593
517;0.249863;1.311829;-0.333237
518;-0.261841;1.140747;-0.215454
519;-0.533249;1.569382;0.500137
520;0.170670;1.429428;-0.419601
521;0.074783;1.108047;0.027573
522;-0.079056;0.885666;0.027924
523;-0.165833;0.742798;-0.075439
524;-0.111252;0.563736;0.060425
525;-0.280823;0.385696;0.186554
526;-0.322464;0.429398;0.098465
527;-0.233276;0.572067;-0.181198
528;0.153976;0.985870;-0.800308
529;0.224365;1.818939;-1.284241
530;0.063248;0.859512;-0.363861
531;0.046143;0.654877;-0.329544
532;-0.095276;1.740692;-0.162415
533;-0.347443;1.329193;-0.878418
534;-0.491043;0.150635;0.360535
535;0.185730;1.147919;0.184174
536;0.707413;1.469772;0.008865
537;-0.281342;0.830292;0.041031
538;-0.237289;0.934677;-0.023392
539;-0.022385;0.940201;-0.017487
540;-0.024734;0.863983;0.003250
541;-0.082932;0.859879;0.014160
542;0.176544;0.956696;-0.022736
543;0.354111;0.983810;-0.117050
544;0.168915;1.146362;-0.036789
545;0.030624;1.154373;-0.176544
546;0.459534;1.242050;-0.136337
547;0.318390;1.207626;-0.414200
548;0.397552;1.522797;-0.302261
549;-0.184143;1.184830;-0.321762
550;-0.626862;1.439255;0.201569
551;-0.063202;1.628754;-0.195007
552;0.174393;1.297592;-0.210449
553;-0.037262;0.983093;0.122681
554;-0.161148;0.707672;-0.114868
555;-0.102249;0.590714;0.059937
556;-0.243652;0.404236;0.183243
557;-0.363556;0.381744;0.201569
558;-0.227280;0.460709;0.110809
559;-0.187607;0.608414;-0.272263
560;0.078873;1.268250;-1.168655
561;0.236053;2.165436;-1.358261
562;-0.203857;0.684296;-0.693420
563;-0.511765;0.965073;-0.245834
564;0.166290;1.820526;0.203247
565;-0.131973;0.316223;0.398651
566;-0.264313;0.194305;0.746979
567;0.477936;1.917877;-0.209045
568;0.270676;1.087250;0.005844
569;-0.341095;0.771744;0.004654
570;-0.041412;1.012421;0.002365
571;0.112350;0.904556;-0.044510
572;-0.005203;0.849838;0.008057
573;0.027985;0.851303;-0.033737
574;0.078751;0.960220;-0.122421
575;0.052475;1.041534;-0.200211
576;0.217056;1.119949;-0.106308
577;0.365982;1.183060;-0.112793
578;0.258652;1.244888;-0.478226
579;0.511093;1.328339;-0.362793
580;0.163376;1.375443;-0.384674
581;-0.613403;1.543381;0.085922
582;-0.431473;1.428711;0.363892
583;0.062759;1.500717;-0.394272
584;0.268295;1.127945;0.030853
585;-0.157547;0.933777;0.058685
586;-0.309372;0.732864;-0.026810
587;-0.219559;0.528778;0.082855
588;-0.319977;0.344803;0.142197
589;-0.225800;0.461395;0.104553
590;-0.230484;0.543793;-0.095123
591;-0.017670;0.923843;-0.713089
592;0.402527;1.775024;-1.268158
593;0.196289;1.079376;-0.749817
594;-0.273834;0.726181;-0.547195
595;-0.398483;1.693207;-0.402359
596;-0.089081;1.411545;0.065643
597;-0.646454;-0.034775;0.476669
598;0.459152;0.888519;0.522263
599;0.763062;1.753769;-0.235901
600;-0.155960;0.812820;0.021042
601;-0.320999;0.830719;0.062622
602;-0.061676;0.994446;-0.097214
603;0.081665;0.889526;-0.047012
604;0.060013;0.821152;0.022781
605;0.076279;0.814819;-0.025818
606;0.135406;1.071198;-0.087051
607;0.119614;1.058746;-0.192398
608;0.108109;1.154419;-0.044006
609;0.074600;1.174484;-0.012863
610;0.241547;1.218124;-0.164169
611;0.211639;1.161697;-0.487854
612;0.601776;1.350525;-0.241028
613;0.079300;1.241608;-0.606430
614;-0.812836;1.542358;0.326630
615;-0.180176;1.365997;0.083710
616;0.166534;1.373840;-0.395050
617;0.048126;1.063675;0.185852
618;-0.203979;0.845856;0.023895
619;-0.220428;0.660980;-0.022324
620;-0.086365;0.479446;0.079117
621;-0.197235;0.348526;0.166245
622;-0.271439;0.389832;0.076401
623;-0.324234;0.626938;-0.208893
624;0.178741;1.220856;-1.320541
625;0.344391;1.756149;-1.093918
626;-0.089752;0.768082;-0.575653
627;-0.560394;2.324829;-0.185349
628;0.711990;1.077530;0.416321
629;-2.092712;-0.816116;-0.531876
630;0.831909;1.361679;0.224335
631;1.485641;1.869614;-0.115860
632;-0.415024;0.652466;-0.046936
633;-0.288513;0.848358;0.020676
634;0.016098;1.083405;-0.107010
635;0.029449;0.846375;-0.088394
636;-0.069107;0.848236;0.035034
637;-0.009628;0.817200;-0.017715
638;0.040695;1.006470;-0.154068
639;0.133987;1.019714;-0.219086
640;0.167374;1.137772;-0.219971
641;0.565765;1.198608;-0.084824
642;0.465973;1.218704;-0.600677
643;0.608475;1.299652;-0.126068
644;-0.197647;1.494354;-0.206558
645;-0.514572;1.464310;0.553024
646;-0.290131;1.643845;-0.390396
647;-0.073898;1.369263;-0.075089
648;-0.022705;0.991959;-0.027344
649;-0.204834;0.843246;-0.154861
650;-0.114960;0.595306;0.018723
651;-0.215881;0.397751;0.134048
652;-0.299469;0.331833;0.247162
653;-0.350464;0.344727;-0.039917
654;-0.018600;0.708176;-1.148468
655;0.320847;1.701797;-1.115509
656;-0.012955;1.077911;-0.832367
657;-0.260208;0.652405;-0.554535
658;-0.412048;1.781204;-0.668549
659;0.088135;1.514297;-0.014969
660;-1.131744;-0.195038;0.006821
661;0.414886;1.189484;0.488617
662;0.835236;1.741943;-0.173691
663;0.169235;0.776718;-0.110199
664;-0.442001;0.773468;-0.016556
665;-0.089783;1.019608;-0.059799
666;0.102386;0.993271;-0.100647
667;-0.085632;0.797806;-0.034454
668;0.034134;0.874832;0.009567
669;-0.013947;1.014160;-0.037323
670;0.140274;1.003403;-0.190201
671;0.198837;1.130814;-0.175278
672;0.268997;1.162216;-0.145355
673;0.538757;1.321518;-0.340775
674;0.565491;1.531387;-0.223892
675;0.161041;1.385101;-0.140869
676;-0.635239;1.061752;-0.087784
677;-0.353653;1.567673;0.497223
678;-0.043320;1.504303;-0.303665
679;-0.124878;1.081192;0.161865
680;-0.160263;0.956970;0.047760
681;-0.169022;0.700790;-0.019196
682;-0.145126;0.539185;0.038879
683;-0.248764;0.374023;0.119675
684;-0.240570;0.324997;0.056702
685;-0.113846;0.573380;-0.199753
686;0.284134;1.015320;-0.969269
687;0.204651;1.587723;-1.067078
688;0.071671;1.064011;-0.582855
689;0.130035;0.645187;-0.339035
690;-0.621445;1.261536;0.427292
691;0.011276;2.396652;-0.576462
692;-0.233597;-0.023254;0.745483
693;-0.196121;0.045517;0.798340
694;0.782532;2.323685;-0.173203
695;0.115219;0.889114;0.025574
696;-0.403946;0.695587;-0.073822
697;-0.017548;0.997528;-0.007416
698;0.110703;1.012695;-0.067688
699;0.034409;0.840240;0.028168
700;0.176834;0.840637;-0.000259
701;0.118408;0.995087;-0.264374
702;0.133606;1.083984;-0.230209
703;0.230270;1.106094;-0.256500
704;0.500610;1.246780;-0.255356
705;0.288773;1.107788;-0.612366
706;-0.109497;1.533127;-0.380539
707;-0.198318;1.557480;0.295212
708;-0.675476;1.633179;0.252090
709;0.348282;1.496140;-0.287766
710;0.243927;1.222122;-0.013580
711;-0.244278;0.791504;0.007553
712;-0.266144;0.685425;0.013229
713;-0.233337;0.358383;0.104385
714;-0.284332;0.222534;0.169098
715;-0.214432;0.380447;0.075439
716;-0.002991;0.519165;-0.202423
717;0.268784;1.018143;-0.895325
718;0.630234;1.901413;-1.160095
719;0.187424;0.940750;-0.755310
720;-0.392822;1.757339;-0.082550
721;0.329254;2.093781;-0.190140
722;-1.069473;-0.400650;0.164963
723;0.342010;0.040604;1.381165
724;0.714218;2.733368;-0.443405
725;0.015930;0.605301;-0.101776
726;-0.472992;0.690460;0.009277
727;0.048111;1.050858;-0.000092
728;0.134689;1.008240;-0.104370
729;-0.073425;0.834244;0.061493
730;-0.032928;0.884842;-0.036469
731;-0.053864;0.952255;-0.084396
732;0.054581;0.912506;-0.169846
733;-0.043457;1.070343;-0.067215
734;0.378296;1.140732;0.012756
735;0.154190;1.308167;-0.405060
736;0.527313;1.497421;-0.190475
737;0.170624;1.444992;-0.381012
738;-0.673752;1.191681;-0.229736
739;-0.921021;1.600327;0.602020
740;0.571899;1.389984;-0.293610
741;-0.012970;1.236832;-0.030945
742;-0.142960;0.820175;0.022491
743;-0.111099;0.562073;-0.057327
744;-0.027573;0.444016;0.040741
745;-0.211319;0.369003;0.106216
746;-0.215118;0.395691;0.073990
747;-0.079346;0.490936;-0.164093
748;0.324158;0.945465;-0.968903
749;0.489883;1.951630;-1.477448
750;0.178131;0.762527;-0.409515
751;0.055466;0.465378;0.164764
752;-0.440750;2.261749;-0.242798
753;-0.149536;0.415024;0.580948
754;-0.495926;0.330093;0.902695
755;0.490936;1.782028;-0.395752
756;0.120300;1.074463;0.009476
757;-0.337860;0.788864;-0.043808
758;-0.181000;0.984314;-0.072205
759;-0.002365;0.889801;-0.087051
760;0.028763;0.762375;0.135361
761;-0.099030;0.829010;0.074097
762;0.035706;0.894592;-0.029800
763;-0.088379;1.029236;-0.183212
764;-0.012863;1.154236;-0.101974
765;0.443558;1.252106;-0.069916
766;0.250916;1.277435;-0.414352
767;0.434174;1.315125;-0.402527
768;0.138992;1.439041;-0.455887
769;-0.379959;1.347916;-0.314987
770;-0.670044;1.532776;0.721695
771;0.220596;1.367126;-0.335541
772;0.051941;1.355743;0.051392
773;-0.166977;0.884644;0.058929
774;-0.156738;0.670380;-0.007111
775;-0.164444;0.528412;0.041626
776;-0.202103;0.420639;0.102402
777;-0.203751;0.355698;0.086884
778;-0.086563;0.462250;-0.192169
779;0.308395;0.926010;-0.878830
780;0.299271;1.855728;-1.305099
781;0.161224;0.889740;-0.558960
782;0.134079;0.705673;-0.272858
783;-0.108734;1.653275;-0.372208
784;-0.078598;1.757385;-0.396942
785;-0.903625;-0.093353;-0.198425
786;0.374908;1.240311;0.265610
787;0.762146;1.443787;-0.043655
788;-0.361526;0.807281;0.001282
789;-0.276169;0.878189;0.045090
790;0.001404;1.064865;-0.047028
791;-0.009125;0.850967;0.016693
792;-0.118576;0.821899;0.077530
793;0.010666;0.928574;-0.026001
794;0.126801;0.942596;-0.174530
795;-0.050507;1.077362;-0.258072
796;0.240448;1.158798;-0.034363
797;0.334381;1.327332;-0.145233
798;0.206421;1.312164;-0.370316
799;0.332138;1.523697;-0.278198
800;-0.330704;1.296249;-0.212234
801;-1.057022;1.386627;0.081360
802;0.075638;1.377396;0.164459
803;0.320908;1.390656;-0.244614
804;-0.132996;1.055923;0.049484
805;-0.214020;0.736206;-0.011444
806;-0.090576;0.564255;-0.067780
807;-0.091995;0.505630;0.043213
808;-0.168289;0.371536;0.055939
809;-0.091507;0.386459;-0.049896
810;-0.002289;0.634903;-0.354996
811;0.135605;1.263504;-0.897018
812;0.355194;1.360825;-0.897110
813;0.029938;0.818954;-0.425171
814;-0.213638;1.278336;-0.367645
815;-0.037308;1.963272;-0.017365
816;-0.516022;0.051758;-0.142136
817;0.102203;0.512970;0.850815
818;0.738068;1.778198;-0.221481
819;-0.131104;0.867371;-0.012878
820;-0.259491;0.879822;-0.024338
821;-0.079636;1.005890;-0.056610
822;0.015793;0.828369;0.006226
823;-0.039230;0.842178;0.019012
824;0.015381;0.872879;0.023743
825;-0.079193;0.862640;-0.154846
826;0.061447;0.969894;-0.220627
827;0.177155;1.130127;-0.081482
828;0.384308;1.260025;-0.180435
829;0.279877;1.212769;-0.519653
830;0.574615;1.622253;-0.061096
831;-0.309814;1.525879;-0.342377
832;-0.899368;1.238205;0.312576
833;-0.083679;1.567978;0.001083
834;0.101868;1.237686;-0.151443
835;-0.427750;1.269104;0.061218
836;-0.039673;0.904846;-0.058731
837;-0.015289;0.645569;0.050369
838;-0.188232;0.467484;0.104355
839;-0.264404;0.397522;0.100006
840;-0.183105;0.373795;0.071503
841;-0.040436;0.430145;-0.116058
842;0.190735;0.898529;-0.727356
843;0.405136;2.090363;-1.195663
844;0.012161;0.988525;-0.851700
845;-0.049866;0.623703;-0.230774
846;-0.377090;1.106827;0.262787
847;-0.547089;2.339600;-0.563873
848;0.192459;0.032394;1.249939
849;-0.023178;0.679260;0.318573
850;0.594406;1.458466;-0.028961
851;-0.073608;0.984619;0.002655
852;-0.311600;0.861237;-0.095612
853;-0.067215;0.966660;-0.030121
854;0.048920;0.902145;-0.122742
855;-0.067154;0.753708;0.029938
856;-0.010696;0.892441;0.040344
857;-0.010864;0.948700;-0.111832
858;0.064545;1.064606;-0.190094
859;0.042267;1.145615;-0.273804
860;0.425583;1.336899;-0.074738
861;0.158646;1.295029;-0.494949
862;0.368210;1.372360;-0.245239
863;-0.388748;1.485367;-0.384705
864;-0.838181;1.455688;0.453033
865;-0.016724;1.381775;0.119141
866;0.201828;1.444901;-0.342941
867;-0.144485;1.058807;0.107483
868;-0.102417;0.646561;-0.049469
869;-0.141495;0.523270;-0.026337
870;-0.160965;0.412155;0.079239
871;-0.271530;0.287018;0.088425
872;-0.126968;0.384964;0.007050
873;-0.043091;0.721085;-0.395248
874;0.376877;1.462952;-1.085632
875;0.261566;1.506149;-1.160446
876;-0.007812;0.797882;-0.544403
877;0.216019;0.601608;-0.283630
878;-0.243698;1.348694;0.226639
879;-0.415817;2.440872;-0.770386
880;-0.116837;-0.168655;0.816315
881;0.069870;0.815903;0.271240
882;0.768677;1.506012;0.064331
883;-0.102737;0.910721;0.007599
884;-0.389923;0.755569;-0.066544
885;-0.153351;0.894012;-0.110596
886;0.057846;0.808975;-0.101242
887;0.013397;0.854584;-0.002441
888;0.140930;0.887787;0.062759
889;-0.077362;1.052277;-0.113754
890;0.082947;1.041946;-0.141388
891;0.039398;1.128876;0.043777
892;0.094574;1.256271;0.123428
893;-0.125732;1.274017;-0.214493
894;0.188095;1.311066;-0.297577
895;0.459213;1.459930;-0.257263
896;-0.147018;1.245667;-0.348541
897;-0.831131;1.064651;-0.236221
898;-0.147308;1.446243;0.480270
899;0.271515;1.379196;-0.330368
900;-0.225159;1.169647;0.112061
901;-0.106339;0.755890;-0.020218
902;-0.024216;0.517410;-0.070847
903;-0.036240;0.482925;0.046021
904;-0.203568;0.339066;0.086777
905;-0.236954;0.351974;-0.038406
906;0.001801;0.751190;-0.475662
907;0.371460;1.383652;-1.097443
908;0.448822;1.389435;-0.965729
909;-0.064240;0.727768;-0.431931
910;0.063873;0.606369;-0.350037
911;-0.483643;1.566849;0.089188
912;-0.351669;2.021530;-0.554901
913;-0.386581;-0.102798;0.360626
914;0.057602;1.102768;0.271561
915;0.881027;1.278519;0.019165
916;-0.102554;0.879028;-0.064545
917;-0.300323;0.774261;-0.045441
918;-0.140793;0.939728;-0.107529
919;0.102859;0.900909;-0.038544
920;0.110001;0.839859;0.059204
921;0.158371;0.901871;0.049133
922;-0.104599;1.004593;-0.112305
923;0.123459;0.969284;-0.117538
924;0.198059;1.080750;-0.005600
925;0.348938;1.260513;-0.044830
926;0.103409;1.215118;-0.386475
927;0.258911;1.260132;-0.433167
928;0.443588;1.345016;-0.207184
929;-0.221375;1.237381;-0.331085
930;-0.788513;1.414261;0.494247
931;-0.070633;1.643768;-0.211060
932;0.210724;1.387299;-0.184402
933;-0.058823;1.012512;0.083221
934;-0.185043;0.725983;-0.147415
935;-0.063339;0.527710;-0.008835
936;-0.154602;0.373276;0.093567
937;-0.231918;0.390442;0.125565
938;-0.237442;0.530579;-0.120178
939;0.078812;0.868317;-0.744980
940;0.380508;1.463104;-1.062561
941;0.025436;0.901703;-0.621902
942;-0.129700;0.755463;-0.311310
943;-0.432129;1.370178;-0.406433
944;-0.131104;1.936325;-0.755280
945;-0.354782;-0.085434;0.405060
946;0.401001;0.925217;0.385162
947;0.547577;1.522537;-0.109741
948;-0.084488;0.933456;-0.089478
949;-0.351028;0.877625;-0.056259
950;-0.235794;1.053558;-0.118591
951;0.139542;0.952057;-0.086044
952;0.148163;0.748459;-0.072998
953;0.102219;0.809586;-0.005264
954;-0.056198;0.837097;-0.128586
955;-0.179855;0.963303;-0.111328
956;0.015930;1.077866;-0.139862
957;0.281662;1.214432;-0.047531
958;0.374634;1.357590;-0.300217
959;0.434097;1.377869;-0.397293
960;0.279099;1.488708;-0.368530
961;-0.260971;1.257065;0.066742
962;-0.383286;1.388504;0.364532
963;-0.093628;1.358261;0.014618
964;-0.296997;1.122055;-0.081039
965;-0.093475;1.054947;-0.096161
966;-0.164108;0.764694;-0.068726
967;-0.085571;0.740692;-0.006409
968;-0.113998;0.555649;-0.012039
969;-0.200684;0.406891;-0.045120
970;-0.086746;0.524414;-0.071579
971;-0.064362;0.633591;-0.281631
972;0.165436;0.801254;-0.741440
973;0.478897;1.613281;-1.067474
974;0.281937;1.091049;-0.804733
975;-0.052841;0.640274;-0.289139
976;-0.317230;1.174347;0.159714
977;-0.578369;2.088409;-0.117050
978;-0.104050;0.197617;0.953278
979;-0.303253;0.413162;0.703384
980;0.854370;1.743515;-0.155701
981;0.107742;1.001404;-0.063828
982;-0.323990;0.715820;-0.094406
983;-0.113358;0.904083;-0.055038
984;0.093689;0.930222;-0.080887
985;-0.016098;0.775574;0.070572
986;0.057251;0.877731;-0.001129
987;-0.006500;0.964142;-0.101730
988;0.058319;1.108673;-0.254425
989;0.079025;1.141403;-0.118256
990;0.345490;1.274582;-0.172882
991;0.258545;1.257889;-0.601364
992;0.431168;1.314224;-0.069168
993;-0.256470;1.338196;-0.588638
994;-0.739716;1.683655;0.538696
995;-0.148834;1.382645;-0.204117
996;0.349762;1.301270;-0.114655
997;-0.190125;1.075928;0.024139
998;-0.255081;0.790222;-0.014069
999;-0.065048;0.587753;-0.074600
1000;-0.089722;0.389160;0.131119
1001;-0.151764;0.310852;0.168564
1002;-0.181595;0.381546;-0.065140
1003;-0.095169;0.652756;-0.418396
1004;0.287811;1.418579;-1.159729
1005;0.412079;1.390045;-0.990601
1006;-0.208084;1.419464;-0.628448
1007;0.155228;2.810501;-0.603912
1008;-0.927856;-0.733719;0.839966
1009;0.166962;-0.368530;1.471756
1010;0.189590;2.834946;-0.450577
1011;-0.240997;0.723129;-0.059937
1012;-0.531219;0.630920;0.092865
1013;-0.091476;0.997787;-0.040070
1014;0.042191;1.003464;-0.152832
1015;0.006866;0.805054;-0.012115
1016;0.104065;0.843643;0.038086
1017;0.045822;1.026077;0.017059
1018;-0.078934;1.041107;-0.255814
1019;0.130493;1.225769;-0.206955
1020;0.345688;1.256958;-0.138000
1021;0.234924;1.220825;-0.404922
1022;0.497894;1.413620;-0.137054
1023;-0.068054;1.253571;-0.052170
1024;-0.847824;1.345657;-0.129456
1025;-0.462784;1.436646;0.363281
1026;0.211472;1.307526;-0.292282
1027;-0.121429;1.179733;-0.001678
1028;-0.129242;0.844147;0.032166
1029;-0.069824;0.658936;-0.045670
1030;-0.094940;0.514572;0.024918
1031;-0.213058;0.377213;0.120682
1032;-0.076752;0.430252;-0.044876
1033;-0.091766;0.574341;-0.298920
1034;0.022125;1.032410;-0.903488
1035;0.092545;1.779419;-1.279480
1036;0.120087;0.855362;-0.527023
1037;-0.188995;0.868973;-0.096802
1038;0.243073;2.178040;0.083496
1039;-0.412582;0.036835;0.378006
1040;-0.048355;0.576874;0.734772
1041;0.565430;1.770874;-0.145203
1042;-0.102020;0.930496;0.006699
1043;-0.279419;0.879166;-0.031464
1044;-0.078568;1.008438;-0.068970
1045;-0.013000;0.871826;-0.059616
1046;0.038513;0.907318;0.033295
1047;0.033905;0.846451;0.031799
1048;-0.015976;1.013962;-0.077271
1049;0.074951;0.928024;-0.166107
1050;0.061966;1.159149;-0.149704
1051;0.333878;1.268036;-0.061157
1052;0.156464;1.215210;-0.524155
1053;0.347061;1.377319;-0.315063
1054;-0.044296;1.262497;-0.474548
1055;-0.656723;1.423111;0.131088
1056;-0.388260;1.424728;0.237091
1057;0.304901;1.425766;-0.300705
1058;0.062973;1.161896;0.096588
1059;-0.174881;0.778641;0.002823
1060;-0.122437;0.602066;-0.048996
1061;-0.164703;0.436172;0.033066
1062;-0.252090;0.299026;0.128403
1063;-0.191986;0.370514;0.014450
1064;-0.143494;0.609833;-0.286835
1065;0.136444;1.243027;-0.995163
1066;0.447449;1.634491;-1.196320
1067;0.180527;0.924561;-0.536758
1068;-0.132996;1.002579;-0.102463
1069;-0.113083;2.141937;-0.382584
1070;-0.673843;0.042938;0.542175
1071;-0.415268;0.195038;0.928833
1072;0.556549;1.953247;-0.364883
1073;0.146988;0.904510;-0.053223
1074;-0.293808;0.789764;-0.017700
1075;-0.232803;0.994659;-0.130264
1076;0.020294;0.785843;-0.048004
1077;0.088425;0.872375;0.066406
1078;0.072098;0.827286;0.019928
1079;-0.055939;0.943787;0.042023
1080;-0.040665;1.052490;-0.075806
1081;-0.028366;1.196640;-0.003555
1082;0.166504;1.241791;0.069580
1083;0.095840;1.420380;-0.168549
1084;0.059418;1.358810;-0.524277
1085;0.516830;1.521469;-0.314178
1086;-0.035049;1.027786;-0.268509
1087;-0.787918;1.349854;0.180817
1088;-0.103638;1.409164;0.080704
1089;0.193558;1.395309;-0.130768
1090;-0.145325;1.070755;0.168610
1091;-0.213303;0.718124;-0.007935
1092;0.095444;0.562775;-0.010239
1093;-0.043503;0.407532;0.079453
1094;-0.225449;0.291946;0.187775
1095;-0.122894;0.355377;-0.110794
1096;0.095337;0.768951;-0.750626
1097;0.076584;1.891388;-1.460892
1098;0.340408;0.741653;-0.328400
1099;0.320602;0.390076;0.167969
1100;-1.195267;3.185303;-0.800873
1101;-0.040604;0.407913;1.649689
1102;-1.108124;-0.094513;1.051392
1103;-0.004333;2.304123;-0.164764
1104;0.419022;1.169296;0.030365
1105;-0.382172;0.749695;0.002106
1106;-0.309402;0.934540;0.014877
1107;0.078964;0.887512;0.028061
1108;0.076721;0.793961;0.140839
1109;0.080307;0.800537;0.020676
1110;0.209900;1.024643;-0.042130
1111;-0.047806;0.974594;-0.211166
1112;0.322418;1.288620;-0.108597
1113;0.247711;1.410706;-0.264145
1114;0.171783;1.252869;-0.616699
1115;0.508286;1.553146;-0.336761
1116;-0.296875;1.252533;-0.134430
1117;-1.261642;1.568436;0.500397
1118;0.147751;1.504303;0.008224
1119;0.515640;1.403870;-0.084839
1120;-0.375900;0.887924;-0.030334
1121;-0.292618;0.793457;0.052673
1122;-0.157974;0.624390;0.047180
1123;-0.231049;0.409317;0.072571
1124;-0.181076;0.340179;0.104416
1125;-0.070816;0.474533;-0.149902
1126;0.086426;0.678070;-0.575150
1127;0.308472;1.347931;-0.909241
1128;0.296112;1.275681;-0.800186
1129;0.113174;0.806900;-0.428024
1130;0.311020;0.402649;-0.281219
1131;-1.231857;1.908325;0.135620
1132;0.573074;2.266342;-1.169571
1133;-0.749420;-0.159134;0.127762
1134;0.249832;0.855545;0.212540
1135;0.716370;1.666931;0.029327
1136;-0.481049;0.733459;-0.151184
1137;-0.322281;0.867355;0.057281
1138;0.015762;1.024948;0.035767
1139;-0.020767;0.831177;0.007629
1140;0.014267;0.875519;-0.142212
1141;0.158081;0.970917;-0.017761
1142;-0.046219;0.918045;-0.173599
1143;0.122391;1.143005;-0.183044
1144;0.255249;1.202438;-0.273224
1145;0.181396;1.278687;-0.582977
1146;0.283264;1.510986;-0.052582
1147;-0.840347;1.413345;0.002609
1148;-0.659561;1.486603;0.424667
1149;0.207199;1.579147;-0.226273
1150;-0.001801;1.366669;-0.093552
1151;-0.120224;0.927704;0.018036
1152;-0.123474;0.605957;-0.051956
1153;-0.154526;0.395859;0.068817
1154;-0.160797;0.292191;0.072006
1155;-0.111252;0.303009;0.042404
1156;-0.162933;0.460281;-0.279770
1157;0.067490;0.981155;-0.891739
1158;-0.019836;1.629868;-1.150253
1159;-0.075226;0.964188;-0.633118
1160;-0.063400;0.761444;-0.509460
1161;-0.313232;1.612976;-0.391479
1162;-0.224655;1.613708;-0.250931
1163;-0.567169;0.118546;0.280350
1164;0.204147;1.093872;0.346359
1165;0.515076;1.410309;-0.126297
1166;-0.170715;0.901443;0.010178
1167;-0.301376;0.818451;0.033478
1168;-0.030655;1.002121;-0.031815
1169;0.066971;0.892578;0.000259
1170;-0.094681;0.874222;0.054306
1171;-0.076126;0.900574;-0.070618
1172;0.004105;0.992462;-0.151245
1173;0.110474;1.013611;-0.303726
1174;0.115891;1.181351;-0.312286
1175;0.501312;1.221710;-0.233673
1176;0.157135;1.259415;-0.670959
1177;0.205368;1.387329;-0.203979
1178;-0.626755;1.557205;0.039291
1179;-0.736237;1.395432;0.517014
1180;0.240479;1.524231;-0.200760
1181;0.014267;1.466370;-0.172318
1182;-0.183914;0.939240;0.024338
1183;-0.143555;0.705246;-0.120407
1184;-0.134277;0.472549;0.028091
1185;-0.234100;0.364029;0.082520
1186;-0.196136;0.362778;0.060593
1187;-0.075394;0.476639;-0.300064
1188;0.250931;0.870895;-0.872116
1189;0.240173;1.415024;-1.004242
1190;0.102066;0.893127;-0.696915
1191;-0.111603;1.064972;-0.494186
1192;0.227753;2.072433;-0.547806
1193;-0.811127;-0.066650;0.417786
1194;0.201492;0.505417;0.928665
1195;0.483505;1.679031;-0.338684
1196;0.062363;0.894012;-0.098053
1197;-0.236008;0.904800;0.043961
1198;-0.110565;0.995621;0.021118
1199;-0.006195;0.942490;-0.090530
1200;-0.062332;0.785599;0.072113
1201;-0.108444;0.822861;0.020920
1202;-0.066635;0.839890;0.025452
1203;0.056107;1.024063;-0.128067
1204;0.060379;1.132736;-0.255188
1205;0.220535;1.217453;-0.117615
1206;0.318069;1.354156;-0.188766
1207;0.105972;1.292801;-0.470566
1208;0.355469;1.515991;-0.181335
1209;-0.460861;1.307724;-0.410553
1210;-1.157089;1.455841;0.722794
1211;0.131943;1.498978;-0.242157
1212;0.149643;1.390335;-0.045242
1213;-0.111755;0.978806;0.076965
1214;-0.155334;0.635651;-0.038208
1215;-0.044968;0.422592;0.039093
1216;-0.196228;0.341049;0.102142
1217;-0.293076;0.280502;0.128571
1218;-0.204529;0.453140;-0.138809
1219;0.126801;0.953171;-0.740585
1220;0.212494;1.825211;-1.261749
1221;0.149567;0.930862;-0.753113
1222;0.132675;0.673264;-0.270279
1223;-0.269058;1.680038;-0.293442
1224;0.132538;1.527649;0.262939
1225;-0.819016;0.120895;0.039703
1226;0.137283;0.819504;0.500671
1227;0.539825;1.598129;-0.071762
1228;-0.098846;0.892700;-0.031509
1229;-0.285034;0.856293;-0.062500
1230;-0.080841;0.933350;-0.066483
1231;0.054611;0.851852;-0.033981
1232;-0.008560;0.782516;0.079636
1233;0.070435;0.877182;-0.001938
1234;0.007431;0.934937;-0.109543
1235;0.059418;1.033524;-0.201065
1236;0.061188;1.143478;-0.107422
1237;0.313812;1.335403;-0.049652
1238;-0.058884;1.262253;-0.556320
1239;0.539337;1.487305;-0.233505
1240;0.009995;1.334549;-0.536652
1241;-0.906189;1.314743;0.259247
1242;-0.263992;1.467651;0.109985
1243;0.334915;1.529800;-0.205566
1244;-0.021713;1.042374;0.037354
1245;-0.187103;0.781403;-0.002441
1246;-0.019821;0.523727;-0.013626
1247;-0.062515;0.361328;0.063126
1248;-0.261688;0.211029;0.157837
1249;-0.210739;0.307648;0.023148
1250;-0.174591;0.763138;-0.367325
1251;0.223938;1.698456;-1.375320
1252;0.184784;1.349304;-1.037506
1253;-0.030197;0.793991;-0.395889
1254;0.119888;0.462830;-0.194031
1255;-0.488586;2.073471;-0.200974
1256;-0.163269;0.882919;0.108002
1257;-0.762680;-0.070602;0.807343
1258;0.124252;1.558273;-0.010162
1259;0.573792;1.464981;-0.069916
1260;-0.358795;0.788849;-0.029572
1261;-0.219894;0.811325;-0.005539
1262;0.099640;0.952377;0.003433
1263;-0.006088;0.834869;0.036179
1264;-0.061661;0.788040;0.044998
1265;0.061005;0.989227;-0.073883
1266;0.155640;1.020828;-0.238281
1267;0.163010;1.143372;-0.208740
1268;0.259995;1.291351;-0.081161
1269;0.195038;1.397400;-0.374680
1270;0.442932;1.631256;-0.185867
1271;-0.351456;1.377701;-0.296738
1272;-1.300812;1.275299;0.196548
1273;0.200134;1.395615;0.075745
1274;0.018005;1.457794;-0.027008
1275;-0.296112;0.906036;0.182343
1276;-0.229858;0.651489;0.006638
1277;-0.034058;0.496841;0.002472
1278;-0.145264;0.447678;0.075195
1279;-0.309753;0.262268;0.041458
1280;-0.236923;0.415100;-0.107834
1281;0.264099;0.946152;-0.619888
1282;0.312424;1.770462;-1.338348
1283;0.069092;1.041229;-0.772781
1284;0.018036;0.691223;-0.290268
1285;-0.436432;1.206558;0.046677
1286;-0.372223;2.744781;-0.322769
1287;-0.259476;-0.359482;0.957535
1288;0.245377;0.395233;1.059616
1289;0.894379;2.087128;-0.213425
1290;-0.248169;0.846786;-0.015823
1291;-0.476807;0.684570;-0.046936
1292;-0.009811;1.044449;0.002792
1293;0.072678;0.865463;-0.133942
1294;0.005310;0.810989;0.043716
1295;-0.103531;0.881042;-0.005829
1296;-0.030472;0.978699;-0.134293
1297;-0.017776;0.994324;-0.230743
1298;0.126556;1.179886;-0.109451
1299;0.353500;1.317169;-0.073608
1300;-0.072952;1.254105;-0.707901
1301;0.283981;1.392502;-0.230957
1302;-0.275558;1.443329;-0.108139
1303;-1.139725;1.519165;0.547623
1304;-0.045349;1.289368;-0.172318
1305;0.155228;1.334412;-0.244095
1306;-0.106674;0.920868;0.098129
1307;-0.195557;0.641922;-0.054916
1308;-0.025238;0.464020;0.008835
1309;-0.191147;0.314484;0.122726
1310;-0.242706;0.390854;0.129486
1311;-0.147827;0.534836;-0.110764
1312;-0.063629;0.899216;-0.493774
1313;0.180908;1.750183;-1.347321
1314;0.288895;1.226501;-0.916962
1315;0.070236;0.776871;-0.329895
1316;-0.207748;1.611618;-0.169754
1317;-0.052139;1.784393;-0.832687
1318;-0.812836;-0.196838;0.201889
1319;0.216278;0.502213;0.828278
1320;0.832642;1.920898;-0.298599
1321;-0.228882;0.611923;-0.087433
1322;-0.286484;0.865005;0.101547
1323;0.103775;1.066452;-0.040039
1324;-0.022903;0.873871;0.031113
1325;-0.107742;0.810211;-0.007004
1326;-0.111099;0.922806;-0.008850
1327;0.017395;0.999420;-0.098801
1328;0.030701;0.956116;-0.211639
1329;0.023895;1.166458;-0.097305
1330;0.391846;1.282364;-0.160141
1331;0.085358;1.222900;-0.566498
1332;0.500977;1.515106;-0.133682
1333;-0.414734;1.494919;-0.373566
1334;-1.122498;1.388992;0.721954
1335;-0.092712;1.598740;-0.309204
1336;0.118729;1.507416;-0.043121
1337;-0.228180;0.846359;0.112122
1338;-0.145981;0.600494;-0.080032
1339;-0.008759;0.402222;0.025467
1340;-0.263580;0.210083;0.103027
1341;-0.208984;0.262268;0.107651
1342;-0.104630;0.476517;-0.099167
1343;0.152588;0.932419;-0.748856
1344;0.289490;2.083374;-1.352280
1345;0.019913;0.918854;-0.877975
1346;-0.007324;0.620712;-0.224884
1347;-0.249939;1.527496;0.058167
1348;-0.326675;2.018585;-0.251480
1349;-0.103638;-0.120514;0.990723
1350;-0.089996;0.328827;0.636963
1351;0.642075;1.735138;-0.211884
1352;0.039429;0.925293;-0.099579
1353;-0.472580;0.647217;0.010406
1354;-0.054047;0.934875;-0.038467
1355;0.090286;0.887268;-0.079437
1356;-0.120529;0.841141;-0.007690
1357;-0.185150;0.863174;-0.100403
1358;0.160049;1.090164;-0.035507
1359;-0.037857;0.960541;-0.183426
1360;-0.094574;1.222839;-0.076782
1361;0.395584;1.359451;0.026550
1362;-0.025574;1.311279;-0.523056
1363;0.527161;1.503540;-0.137680
1364;-0.081345;1.213211;-0.205872
1365;-1.050461;1.447540;0.153290
1366;-0.161331;1.314590;0.265778
1367;0.300217;1.443192;-0.420456
1368;-0.230469;1.126022;0.088150
1369;-0.331726;0.686966;0.074982
1370;-0.130188;0.513855;-0.009842
1371;-0.126877;0.467865;0.058258
1372;-0.229324;0.361404;0.130402
1373;-0.167618;0.329391;-0.025330
1374;-0.063431;0.551453;-0.369553
1375;0.148331;1.312195;-1.087280
1376;0.194489;1.605499;-1.202118
1377;0.126007;0.927139;-0.562805
1378;0.199692;0.478546;-0.506805
1379;-0.493805;1.813187;0.087509
1380;0.120819;1.914185;-0.510071
1381;-0.913864;-0.215103;0.141586
1382;0.157700;0.851929;0.425461
1383;0.910019;1.861725;-0.013931
1384;-0.256012;0.750168;-0.064972
1385;-0.369736;0.726456;-0.014633
1386;0.147385;0.996201;-0.010864
1387;0.087143;0.896347;-0.053635
1388;-0.126312;0.830292;-0.030792
1389;-0.043839;0.928970;-0.100037
1390;0.081985;1.026642;-0.165588
1391;0.120102;1.014420;-0.225647
1392;0.133270;1.196457;-0.258682
1393;0.370560;1.341309;-0.292175
1394;0.087936;1.246613;-0.681183
1395;0.204514;1.327209;-0.208496
1396;-0.631622;1.439285;0.054886
1397;-0.631836;1.519730;0.745758
1398;0.037003;1.365158;-0.348389
1399;0.240448;1.344528;-0.111801
1400;-0.055710;0.850586;-0.035614
1401;-0.228119;0.674606;-0.055481
1402;-0.169586;0.484482;0.043686
1403;-0.245270;0.288391;0.103851
1404;-0.145004;0.424225;0.130295
1405;-0.181458;0.544235;-0.163788
1406;-0.165939;0.924866;-0.614014
1407;0.164932;1.448914;-1.026733
1408;0.259277;1.250275;-0.866974
1409;0.151199;0.915649;-0.552292
1410;0.200729;0.495422;-0.351593
1411;-0.732193;1.604141;0.289978
1412;-0.011932;2.057678;-0.559326
1413;-0.337692;-0.036987;1.021240
1414;-0.267334;0.309509;0.439880
1415;0.634872;1.865524;-0.099670
1416;-0.038620;0.914169;-0.100433
1417;-0.327759;0.708969;-0.053711
1418;0.026871;0.907364;-0.003387
1419;0.134415;0.858063;-0.050674
1420;-0.035858;0.848389;-0.037735
1421;0.044189;0.913223;-0.119720
1422;0.064499;1.006699;0.064850
1423;-0.271500;1.005676;-0.225266
1424;0.050156;1.211029;-0.025726
1425;0.308014;1.237350;-0.046005
1426;0.121948;1.258316;-0.289795
1427;0.301849;1.298813;-0.360336
1428;0.234161;1.384491;-0.199219
1429;-0.575882;1.325714;-0.225327
1430;-0.810425;1.507126;0.664185
1431;0.171524;1.690445;-0.370407
1432;0.016235;1.254150;0.024216
1433;-0.067612;0.938049;-0.005402
1434;-0.083740;0.600983;-0.081970
1435;-0.106384;0.463486;0.094315
1436;-0.229660;0.304657;0.134552
1437;-0.222839;0.283951;0.060272
1438;-0.141388;0.494736;-0.221481
1439;0.082550;0.857956;-0.633987
1440;0.103592;1.605057;-1.192108
1441;0.157898;1.156631;-0.827698
1442;0.093872;0.878052;-0.393341
1443;0.047531;0.444336;-0.396469
1444;-0.764465;1.919922;-0.149231
1445;0.028336;1.594757;-1.098846
1446;-0.702362;-0.178818;0.245499
1447;0.531189;1.144318;0.211243
1448;0.750534;1.563995;-0.101929
1449;-0.199493;0.768295;-0.055298
1450;-0.475220;0.712234;-0.049149
1451;-0.029358;0.992737;-0.098129
1452;0.095047;0.925430;-0.085083
1453;-0.116516;0.772079;0.114685
1454;-0.063660;0.902313;-0.011612
1455;-0.084625;1.013184;-0.185501
1456;0.146194;1.077820;-0.245239
1457;0.016037;1.228104;-0.271439
1458;0.404892;1.314774;-0.178314
1459;0.206070;1.269028;-0.547958
1460;0.070023;1.590958;-0.391525
1461;-0.545898;1.439560;-0.393860
1462;-0.944778;1.530441;0.949509
1463;0.114349;1.484055;-0.445602
1464;0.083313;1.260300;-0.052505
1465;-0.181625;0.681061;0.141037
1466;-0.099213;0.446869;-0.035492
1467;-0.099670;0.353043;0.053223
1468;-0.289795;0.315277;0.108231
1469;-0.253479;0.418945;-0.021881
1470;-0.214844;0.619751;-0.372269
1471;-0.016617;1.385376;-0.851471
1472;0.160904;1.437744;-1.382965
1473;0.384476;0.960098;-0.629532
1474;0.313995;0.643448;-0.391830
1475;0.285370;0.335220;-0.265106
1476;-0.651978;0.811783;1.179901
1477;-0.096161;3.284195;-1.837891
1478;-0.220291;-0.253204;1.240479
1479;-0.476059;-0.128754;0.864456
1480;1.012405;2.701218;-0.021393
1481;-0.157104;0.790939;-0.079208
1482;-0.653137;0.619476;-0.107468
1483;-0.046234;0.962814;0.043427
1484;0.176773;0.879227;0.100128
1485;0.042709;0.830170;0.072266
1486;0.298660;1.042221;-0.183304
1487;0.095749;1.031830;-0.221298
1488;0.002747;1.184845;-0.319427
1489;0.151291;1.233292;-0.245575
1490;0.171722;1.202682;-0.523117
1491;0.274033;1.459259;-0.049637
1492;-0.048294;1.407120;-0.249451
1493;-0.823898;1.522339;0.205444
1494;0.316681;1.293137;0.134796
1495;0.606232;1.534927;-0.325974
1496;-0.297684;1.170914;0.078018
1497;-0.287430;0.812225;0.031158
1498;-0.219666;0.496841;-0.018402
1499;-0.116135;0.403809;0.101639
1500;-0.158157;0.412262;0.106232
1501;-0.195129;0.417572;-0.049011
1502;-0.116699;0.589584;-0.359238
1503;0.197281;1.307632;-0.834457
1504;0.047501;1.219849;-1.058701
1505;0.129517;0.875748;-0.540161
1506;0.233215;0.754425;-0.387177
1507;-0.272812;1.740356;-0.048599
1508;-0.100388;1.457397;-0.638290
1509;-0.590149;0.139618;0.215363
1510;-0.004166;1.247208;0.118118
1511;0.575058;1.272217;0.050919
1512;-0.196396;0.854416;-0.015488
1513;-0.272598;0.924210;-0.042740
1514;0.016312;0.932999;-0.078140
1515;0.055359;0.869202;-0.074982
1516;-0.138977;0.820694;-0.011429
1517;-0.068130;0.890625;-0.035797
1518;-0.039993;0.972092;-0.120102
1519;0.061310;0.964478;-0.196426
1520;0.097763;1.236069;-0.059494
1521;0.376938;1.313095;-0.158112
1522;-0.025360;1.228119;-0.727951
1523;0.413605;1.324905;-0.090683
1524;-0.406052;1.300415;-0.289215
1525;-0.871414;1.749695;0.544159
1526;-0.233582;1.543564;-0.094925
1527;0.341934;1.422272;-0.335983
1528;0.075821;1.053192;0.089203
1529;-0.273148;0.638260;-0.033279
1530;-0.162735;0.413437;0.046402
1531;-0.196091;0.243332;0.133423
1532;-0.174042;0.280869;0.186752
1533;-0.191422;0.447891;-0.041656
1534;-0.153732;0.862167;-0.566254
1535;0.046204;1.843826;-1.340302
1536;0.211716;0.955353;-0.835861
1537;0.155838;0.814148;-0.223083
1538;-0.288589;1.557663;-0.396576
1539;-0.158417;1.922256;-0.083206
1540;-0.829865;-0.063019;0.464478
1541;0.167740;1.052689;0.526459
1542;0.745087;1.425781;0.116516
1543;-0.082672;0.948608;-0.023514
1544;-0.375504;0.836838;0.001633
1545;-0.034134;0.935303;-0.053513
1546;0.095749;0.894348;-0.042404
1547;-0.141357;0.816513;0.074570
1548;-0.088120;0.831665;-0.025787
1549;-0.030594;0.965073;-0.024826
1550;0.082642;1.014969;-0.167099
1551;0.109726;1.125244;-0.087479
1552;0.373672;1.278671;-0.049164
1553;0.009613;1.246353;-0.464798
1554;0.391571;1.323715;-0.239243
1555;0.110886;1.288391;-0.300064
1556;-0.804031;1.582001;-0.167892
1557;-0.681335;1.742416;0.404541
1558;0.288879;1.499405;-0.117661
1559;-0.035538;1.244522;-0.177063
1560;-0.197510;0.731171;0.038361
1561;-0.113846;0.348083;0.053909
1562;-0.122696;0.252075;0.132812
1563;-0.249924;0.346512;0.204056
1564;-0.280701;0.342041;0.124313
1565;-0.016159;0.589828;-0.136063
1566;0.024216;0.981262;-0.776886
1567;0.321396;2.185425;-1.555084
1568;-0.016891;0.800980;-0.730194
1569;-0.029434;0.568176;-0.073578
1570;-0.352478;1.723419;-0.239258
1571;0.078079;0.878784;-0.762268
1572;-0.654282;0.196487;0.524139
1573;0.518112;1.838257;-0.125381
1574;0.110443;1.054382;0.074371
1575;-0.485611;0.747223;-0.037979
1576;-0.091278;1.057053;0.044785
1577;0.151489;0.950867;0.047562
1578;-0.087738;0.793289;0.111450
1579;-0.129349;0.875473;-0.046219
1580;0.000320;0.880844;-0.097305
1581;0.133087;0.981598;-0.189056
1582;0.104614;1.179520;-0.225571
1583;0.324387;1.333786;-0.171646
1584;0.083191;1.331909;-0.624695
1585;0.333923;1.624420;-0.227219
1586;-0.278961;1.285095;-0.222122
1587;-1.244583;1.500778;0.740524
1588;0.132111;1.633728;-0.259323
1589;0.000549;1.359421;-0.007812
1590;-0.297043;0.860382;0.124100
1591;-0.109131;0.562210;-0.066986
1592;0.064651;0.412994;0.034393
1593;-0.155319;0.341217;0.123001
1594;-0.185913;0.271942;0.032227
1595;-0.003586;0.349228;-0.279388
1596;0.336380;1.145309;-0.979080
1597;0.076965;1.961105;-1.299179
1598;-0.232773;0.583603;-0.454880
1599;-0.741135;1.335892;0.303879
1600;-0.412231;2.232285;-1.833984
1601;-0.451630;-0.194611;0.999313
1602;0.118332;2.029373;-0.228683
1603;0.319336;1.428146;0.003616
1604;-0.494507;0.884979;-0.032272
1605;-0.219559;0.957153;-0.126511
1606;-0.046097;0.921799;-0.196304
1607;-0.053314;0.783310;-0.166153
1608;-0.115463;0.788742;-0.083206
1609;0.022507;0.725388;-0.154999
1610;0.128128;0.750473;-0.103958
1611;0.025879;0.836273;-0.131180
1612;-0.362854;1.038895;-0.279068
1613;0.026733;1.223755;-0.276306
1614;0.107056;1.155670;-0.309540
1615;0.322342;1.887085;-0.158676
1616;-0.753296;1.099136;-0.505096
1617;-0.298172;1.114029;0.567169
1618;0.435944;1.681458;-0.282776
1619;-0.178436;1.208313;0.003632
1620;-0.237869;0.923096;0.046783
1621;-0.136520;0.564880;-0.126740
1622;-0.224686;0.402344;0.020126
1623;-0.254135;0.549789;-0.037506
1624;-0.277130;0.608490;-0.337814
1625;0.033783;0.778763;-0.723312
1626;0.233795;1.061096;-0.936447
1627;0.148590;0.944397;-0.543015
1628;-0.138184;0.921860;-0.592163
1629;0.080719;1.785126;-0.598755
1630;-1.011276;0.080246;-0.131180
1631;0.179321;0.987534;0.209503
1632;0.263519;1.313904;-0.312759
1633;0.061752;0.938660;0.046432
1634;0.141357;0.999329;-0.154648
1635;0.085617;0.895844;-0.236099
1636;-0.259430;0.835815;-0.335556
1637;-0.393707;0.831985;-0.247818
1638;-0.150528;0.824585;-0.119843
1639;0.142899;0.926605;-0.031815
1640;0.153625;0.890656;-0.041641
1641;0.039169;0.946121;0.002106
1642;0.091415;1.062088;-0.082230
1643;0.113312;1.105484;-0.059021
1644;0.316132;1.024155;-0.235107
1645;0.425903;0.999695;-0.491470
1646;0.446503;1.038605;-0.389877
1647;-0.966568;1.290604;-0.242218
1648;-1.066849;2.429169;-0.048386
1649;0.061752;1.960632;-0.302414
1650;-0.845688;1.853104;-0.164963
1651;-0.938797;0.997421;-0.384399
1652;0.049042;0.795609;-0.018021
1653;0.318787;0.223373;0.058212
1654;0.321732;0.046432;-0.024796
1655;0.270630;-0.257019;0.053558
1656;0.108734;0.159073;-0.723633
1657;0.026443;1.791702;-1.711182
1658;-0.243591;1.052124;-0.706604
1659;-0.541824;0.458862;2.323563
1660;1.466156;2.553864;-0.343536
1661;-0.814423;-0.029480;0.949005
1662;-0.069107;1.803406;-0.185837
1663;0.308273;1.550568;-0.013840
1664;-0.220276;0.783630;-0.076096
1665;-0.133255;1.036865;-0.078323
1666;0.087051;1.003464;-0.233536
1667;-0.086807;0.829376;-0.004501
1668;0.012802;0.712082;-0.112335
1669;0.177307;0.785828;-0.348618
1670;0.450409;1.027695;-0.154587
1671;0.151779;1.098190;-0.304962
1672;0.529572;1.166718;-0.527023
1673;0.390015;1.640198;-0.075073
1674;-0.765167;1.347488;-0.469116
1675;-1.084854;1.822235;0.734116
1676;0.188797;1.763184;-0.256546
1677;0.002228;1.376022;0.018936
1678;-0.282043;0.866180;0.058670
1679;-0.309998;0.738419;0.015366
1680;-0.244873;0.504135;0.087540
1681;-0.280228;0.270203;0.141312
1682;-0.219116;0.244659;0.045471
1683;-0.154236;0.492630;-0.215805
1684;0.102036;0.963669;-0.907074
1685;-0.283096;1.671204;-1.255493
1686;0.039856;0.944611;-0.400864
1687;0.184738;0.571442;-0.307236
1688;0.038681;0.251328;0.711273
1689;-1.020325;2.754990;-1.635452
1690;0.267578;0.276337;1.687500
1691;-0.428482;-0.324066;0.366272
1692;0.193192;2.131577;0.214432
1693;0.383682;1.103897;0.002441
1694;-0.722626;0.562576;-0.211548
1695;-0.223984;0.805725;0.083984
1696;0.016190;0.867264;0.013870
1697;-0.200974;0.883270;0.087936
1698;0.169052;1.011749;-0.135086
1699;0.216080;1.152237;-0.161972
1700;0.126968;1.121414;-0.107178
1701;0.312332;1.196838;-0.071976
1702;0.266556;1.292892;-0.362274
1703;0.179962;1.178116;-0.537766
1704;0.020340;1.287949;-0.454239
1705;-0.717270;1.575958;0.087326
1706;-0.386902;1.633728;0.263306
1707;-0.077026;1.612518;-0.359222
1708;0.052933;1.135742;0.046387
1709;-0.188721;0.756683;-0.034882
1710;-0.183350;0.501038;-0.032394
1711;-0.110794;0.328857;0.111130
1712;-0.237518;0.240097;0.231522
1713;-0.204208;0.334778;0.043213
1714;-0.136200;0.639526;-0.395721
1715;0.023514;1.563614;-1.351410
1716;0.039215;1.472031;-1.256256
1717;-0.031952;0.745377;-0.488800
1718;-0.007858;0.672943;-0.104462
1719;-0.230042;2.430344;-0.123627
1720;-0.714981;0.007965;0.172745
1721;0.197510;0.148849;1.349701
1722;0.634232;2.343155;-0.211166
1723;-0.008698;0.886246;0.023178
1724;-0.597168;0.651474;-0.043076
1725;-0.138031;0.947906;0.030441
1726;-0.152084;0.941025;0.066788
1727;-0.210800;0.833572;0.022522
1728;0.119583;0.935944;-0.127243
1729;0.198074;1.092896;-0.139282
1730;0.082153;1.099564;-0.242523
1731;0.401855;1.164627;-0.156113
1732;0.423981;1.270752;-0.426239
1733;0.245468;1.312042;-0.405426
1734;-0.180618;1.366348;-0.271057
1735;-0.943359;1.551132;0.405396
1736;-0.313889;1.551239;-0.051941
1737;-0.101059;1.485855;-0.187805
1738;-0.038834;1.006943;0.022720
1739;-0.136963;0.888046;-0.053879
1740;-0.058670;0.667267;-0.018631
1741;-0.209579;0.397171;0.138260
1742;-0.265884;0.245132;0.248627
1743;-0.194290;0.309052;0.020813
1744;-0.146866;0.620712;-0.296341
1745;0.089676;1.511307;-1.454117
1746;-0.083710;1.530090;-1.150940
1747;-0.278976;0.498367;-0.325638
1748;-0.525360;1.876038;-0.016769
1749;0.226608;1.326416;-0.322296
1750;-1.130661;-0.245178;0.403458
1751;0.229492;1.539841;0.104507
1752;0.823944;1.572006;-0.040070
1753;-0.336929;0.764297;0.048065
1754;-0.335022;0.838745;0.022308
1755;-0.071945;1.013443;-0.122971
1756;-0.095032;0.860016;0.012894
1757;-0.188431;0.827713;-0.004898
1758;0.047180;0.902298;-0.104340
1759;0.187866;1.084213;-0.194275
1760;0.064651;1.076385;-0.215927
1761;0.416245;1.208588;-0.147980
1762;0.407776;1.261642;-0.495804
1763;0.348801;1.367233;-0.340408
1764;-0.429398;1.416153;-0.648010
1765;-0.952164;1.406937;0.520462
1766;-0.440750;1.592422;-0.032837
1767;-0.022629;1.483414;-0.210236
1768;-0.010345;0.973618;0.045288
1769;-0.298294;0.845078;-0.021332
1770;-0.246170;0.629501;0.042679
1771;-0.218460;0.391846;0.119690
1772;-0.201599;0.318146;0.134094
1773;-0.145432;0.399673;-0.027740
1774;-0.077026;0.633621;-0.541122
1775;0.080109;1.479797;-1.256271
1776;-0.121765;1.287704;-0.984894
1777;-0.278229;0.746292;-0.433975
1778;0.150970;0.239502;-0.280930
1779;-1.119843;1.882629;-0.239044
1780;0.920959;1.344162;0.574280
1781;-0.597305;-0.030365;0.456177
1782;0.292328;1.525238;-0.125519
1783;0.393036;1.442810;-0.080994
1784;-0.517563;0.673004;-0.132797
1785;-0.300018;0.808929;0.014465
1786;0.037354;0.839401;-0.074829
1787;-0.045868;0.813629;-0.005127
1788;-0.116837;0.895966;-0.023529
1789;0.120056;1.067749;-0.122025
1790;0.125458;1.120773;-0.141602
1791;0.074570;1.145203;-0.110153
1792;0.355423;1.301132;-0.049438
1793;0.175797;1.295502;-0.519760
1794;0.354752;1.444962;-0.400436
1795;-0.120377;1.200211;-0.476120
1796;-0.806137;1.376572;0.241074
1797;-0.409103;1.470062;0.183792
1798;0.118744;1.365158;-0.365997
1799;-0.031982;1.098907;0.081619
1800;-0.086151;0.804718;-0.046188
1801;-0.151306;0.623642;0.009811
1802;-0.218994;0.473114;0.120422
1803;-0.297729;0.351807;0.201599
1804;-0.242783;0.410172;0.053879
1805;-0.251602;0.621689;-0.228897
1806;-0.071548;1.318985;-1.004105
1807;-0.035812;1.585312;-1.356064
1808;0.026367;0.830551;-0.444763
1809;0.180984;0.481552;-0.233643
1810;-0.340332;1.493378;0.336533
1811;0.242020;1.896881;-1.413376
1812;-0.729355;0.219116;0.282822
1813;-0.076889;1.401794;-0.155212
1814;0.320175;1.260056;-0.003876
1815;-0.151611;0.843689;-0.052917
1816;-0.195190;0.851837;-0.037369
1817;-0.041031;0.827576;-0.094223
1818;0.022430;0.861145;-0.010284
1819;-0.022644;0.884033;-0.055023
1820;-0.059906;1.010712;-0.101166
1821;0.217651;1.008484;-0.093521
1822;0.145569;1.098434;-0.082886
1823;0.350174;1.261200;0.017929
1824;0.189148;1.270737;-0.388885
1825;0.270096;1.398254;-0.347595
1826;0.059479;1.349747;-0.350403
1827;-0.466431;1.325699;-0.373535
1828;-1.001846;1.664398;0.690781
1829;-0.124435;1.245270;-0.221924
1830;0.010223;1.190353;-0.156464
1831;-0.041046;0.768417;0.031326
1832;-0.133652;0.502945;-0.090927
1833;-0.015427;0.432297;-0.000977
1834;-0.116501;0.362579;0.070892
1835;-0.162949;0.362701;0.061981
1836;-0.131393;0.472961;-0.198639
1837;0.069595;1.067902;-1.035599
1838;-0.149002;2.202011;-1.514587
1839;-0.460831;0.930496;-0.650803
1840;-0.081329;0.428238;-0.261337
1841;-0.515778;1.667068;-0.005356
1842;0.120163;1.629089;-1.354675
1843;-0.451797;0.096664;0.246674
1844;-0.009338;1.379593;-0.036362
1845;0.392929;1.302551;0.015182
1846;-0.148804;0.795715;-0.006332
1847;-0.229248;0.857880;-0.089203
1848;0.032593;0.851730;-0.077637
1849;0.098053;0.887802;0.000137
1850;-0.083801;0.930344;-0.004654
1851;-0.084610;0.965775;-0.098938
1852;0.193146;0.981979;-0.194321
1853;0.226059;1.204971;-0.175781
1854;0.144974;1.259964;-0.063110
1855;0.088348;1.321747;-0.525253
1856;0.314728;1.431824;-0.354721
1857;0.015823;1.444870;-0.322983
1858;-0.589325;1.270432;0.300415
1859;-0.324753;1.175461;0.147278
1860;0.226761;1.372360;-0.181580
1861;-0.275116;1.219879;0.029327
1862;-0.187897;0.889389;-0.008392
1863;-0.118347;0.625107;0.058929
1864;-0.105118;0.454071;0.115280
1865;-0.239700;0.422760;0.135529
1866;-0.225052;0.401016;-0.003403
1867;-0.155899;0.567322;-0.359512
1868;0.036606;1.199799;-0.875183
1869;0.032822;1.599823;-1.209015
1870;0.103806;1.009155;-0.671967
1871;0.206650;0.436127;-0.221771
1872;-0.625366;1.441803;0.621277
1873;-0.087967;2.136368;-2.159958
1874;-0.183670;0.141190;1.070984
1875;-0.336517;0.768616;0.125488
1876;0.278488;1.559570;0.023407
1877;-0.195724;0.781097;-0.010437
1878;-0.067413;0.774704;0.017975
1879;0.333328;0.899734;-0.016541
1880;0.011887;0.900574;-0.057373
1881;-0.064819;0.868088;-0.080750
1882;0.097260;1.118271;-0.085403
1883;0.047623;1.045898;-0.325577
1884;0.119308;1.232132;-0.152649
1885;0.322311;1.272079;-0.121201
1886;0.108170;1.277298;-0.599152
1887;0.115952;1.475037;-0.275635
1888;-0.461868;1.438293;-0.365341
1889;-0.740540;1.449646;0.909546
1890;0.118423;1.358658;-0.276627
1891;0.197128;1.311478;-0.077667
1892;-0.020615;0.789169;0.055832
1893;-0.125092;0.547363;-0.021103
1894;-0.136154;0.449646;0.084045
1895;-0.212585;0.351257;0.182693
1896;-0.242661;0.322144;0.087173
1897;-0.272888;0.545593;-0.181046
1898;-0.148392;1.237778;-0.893524
1899;0.082260;2.397598;-1.753586
1900;-0.024734;0.775848;-0.329254
1901;0.083969;0.240967;0.180862
1902;-0.586670;1.981979;0.072906
1903;0.452087;1.403717;-0.667740
1904;-1.087860;-0.235046;0.448257
1905;0.078262;1.313156;-0.020981
1906;0.699173;1.665558;-0.082458
1907;-0.383881;0.727936;-0.074570
1908;-0.324417;0.792328;0.060226
1909;0.058197;0.927216;-0.046783
1910;0.016968;0.929977;0.080917
1911;0.088470;0.857742;0.073883
1912;0.013000;0.983276;-0.143967
1913;0.006866;1.112259;-0.290588
1914;0.283875;1.210526;-0.181519
1915;0.395370;1.317581;-0.258163
1916;0.163193;1.219971;-0.698654
1917;0.147430;1.246185;-0.180832
1918;-0.572159;1.384933;-0.216217
1919;-0.454819;1.703506;0.897141
1920;0.245880;1.435120;-0.428192
1921;0.042725;1.358368;-0.158646
1922;-0.086945;0.846863;0.054184
1923;-0.123642;0.632797;-0.062408
1924;-0.193146;0.429504;0.066360
1925;-0.254501;0.309265;0.187500
1926;-0.287903;0.303680;0.141800
1927;-0.234009;0.455154;-0.185577
1928;0.092987;1.136566;-0.925720
1929;0.259430;2.203796;-1.411133
1930;-0.086533;0.780685;-0.515778
1931;0.076065;0.419739;-0.043823
1932;-0.373367;1.661728;-0.070953
1933;-0.223907;2.203705;-1.213989
1934;-0.379135;-0.127380;0.618988
1935;0.269379;0.432709;0.497040
1936;0.687988;2.126541;-0.221390
1937;-0.226868;0.703491;-0.038895
1938;-0.434647;0.734451;-0.012360
1939;0.016983;0.967331;-0.076141
1940;-0.018600;0.840088;0.014282
1941;-0.024384;0.866470;0.006729
1942;0.039032;1.003632;-0.079422
1943;0.155884;1.128967;-0.214371
1944;0.021667;1.117828;-0.216827
1945;0.288651;1.233826;-0.095917
1946;0.336838;1.303421;-0.331070
1947;0.327057;1.376755;-0.333069
1948;-0.089523;1.329330;-0.235687
1949;-0.847458;1.308823;-0.069550
1950;-0.436768;1.427063;0.399139
1951;0.035477;1.351166;-0.450409
1952;-0.028854;1.154724;-0.013016
1953;0.003632;0.798050;0.024734
1954;-0.139450;0.565216;-0.043198
1955;-0.193649;0.486145;0.070557
1956;-0.300644;0.309952;0.105804
1957;-0.225021;0.345169;-0.020981
1958;-0.140808;0.574646;-0.295761
1959;-0.008194;1.126495;-0.820282
1960;-0.088867;1.919022;-1.483307
1961;0.026871;0.954605;-0.651886
1962;-0.179184;0.682526;-0.272736
1963;-0.146317;2.184952;-0.499146
1964;-0.526657;0.332108;0.523087
1965;-0.777252;-0.417389;1.058929
1966;0.068283;2.294388;-0.243225
1967;0.519669;1.171921;-0.078278
1968;-0.396362;0.713501;-0.007370
1969;-0.288528;0.855484;-0.039917
1970;-0.054596;0.974014;-0.114975
1971;-0.090546;0.844894;0.015854
1972;-0.019043;0.842178;-0.008728
1973;0.099365;0.991989;-0.048264
1974;0.138565;1.100250;-0.184875
1975;0.097839;1.089874;-0.296112
1976;0.224991;1.196304;-0.141586
1977;0.263748;1.232483;-0.429001
1978;0.360245;1.322037;-0.353928
1979;0.070602;1.421127;-0.406677
1980;-0.803253;1.507736;0.006927
1981;-0.443558;1.380661;0.393951
1982;0.351196;1.468460;-0.371155
1983;-0.085953;1.176910;-0.031006
1984;-0.171631;0.863205;0.066101
1985;-0.165344;0.624924;-0.062332
1986;-0.156204;0.426376;0.113220
1987;-0.224701;0.318802;0.203354
1988;-0.184052;0.388657;0.066711
1989;-0.157364;0.522308;-0.156204
1990;-0.122314;1.017899;-0.497986
1991;-0.001328;1.978470;-1.665237
1992;0.111816;1.072449;-0.754578
1993;0.046967;0.585678;-0.230835
1994;-0.362564;1.520935;0.199722
1995;-0.045639;2.265518;-0.457047
1996;-0.643097;-0.285675;0.767792
1997;0.187302;0.035355;0.932602
1998;0.732956;2.582596;-0.436615
1999;-0.040649;0.772232;-0.006622
2000;-0.613205;0.660843;0.000870
2001;-0.162628;0.995316;0.013107
2002;-0.093613;0.898117;0.023575
2003;-0.192261;0.890793;0.122665
2004;0.109848;0.970963;-0.063446
2005;0.165649;1.013245;-0.114517
2006;0.052826;1.016205;-0.288300
2007;0.203186;1.185669;-0.145935
2008;0.402084;1.230576;-0.178146
2009;0.085846;1.185165;-0.651459
2010;0.225830;1.520355;-0.320602
2011;-0.277756;1.319824;-0.347931
2012;-0.756500;1.496643;0.875565
2013;-0.070892;1.461212;-0.210953
2014;0.158875;1.431458;-0.109726
2015;-0.134048;0.995316;0.040451
2016;-0.180573;0.664444;-0.045532
2017;-0.158432;0.487122;0.075424
2018;-0.249237;0.336502;0.188568
2019;-0.293686;0.344589;0.144623
2020;-0.219177;0.407822;-0.077744
2021;-0.090149;0.867432;-0.576309
2022;0.080872;2.047165;-1.547836
2023;-0.004425;0.948029;-0.684540
2024;-0.154556;0.555695;-0.265274
2025;-0.268250;1.882599;-0.380219
2026;0.123993;1.538177;-0.519562
2027;-1.079849;-0.292236;0.138489
2028;0.290680;1.012299;0.240921
2029;0.831024;1.884766;-0.085663
2030;-0.149445;0.697800;0.045395
2031;-0.409271;0.789948;-0.011749
2032;-0.017227;0.975967;-0.095444
2033;-0.024765;0.852020;-0.038147
2034;-0.101791;0.873825;-0.029678
2035;-0.005127;0.912781;-0.042221
2036;0.022675;1.035843;-0.090378
2037;0.101669;1.064041;-0.285309
2038;0.074585;1.229050;-0.059326
2039;0.357162;1.307648;-0.080811
2040;0.085587;1.201721;-0.506348
2041;0.374268;1.571304;-0.291428
2042;-0.172409;1.266586;-0.315308
2043;-1.088882;1.274399;0.345810
2044;-0.268082;1.396744;0.157455
2045;0.119385;1.383987;-0.432343
2046;-0.074692;1.055923;0.124023
2047;-0.124191;0.680908;-0.026169
2048;-0.150269;0.533203;-0.003601
2049;-0.160736;0.425720;0.099701
2050;-0.302292;0.382217;0.105301
2051;-0.177765;0.397339;-0.051331
2052;-0.109299;0.587418;-0.360886
2053;0.038422;1.520935;-1.246658
2054;0.082901;1.657150;-1.321289
2055;-0.067017;0.643295;-0.202118
2056;-0.464401;1.321609;0.170502
2057;0.452164;1.913635;-0.188248
2058;-0.769836;-0.059372;0.143341
2059;0.056793;0.302979;0.991974
2060;0.538956;2.179596;-0.274445
2061;-0.042969;0.841553;-0.042603
2062;-0.456085;0.810638;0.082626
2063;-0.111282;0.984604;-0.006714
2064;-0.103394;0.841507;0.005325
2065;-0.115372;0.827621;0.133942
2066;0.029572;0.884338;0.053436
2067;0.098358;1.000473;-0.121765
2068;0.058090;1.077042;-0.330627
2069;0.249283;1.207642;-0.099014
2070;0.359039;1.282135;-0.244431
2071;0.103485;1.214172;-0.627655
2072;0.364532;1.488266;-0.217941
2073;-0.308884;1.324585;-0.364136
2074;-0.816330;1.418411;0.479050
2075;-0.110596;1.302689;0.135483
2076;0.083023;1.351456;-0.416702
2077;-0.020401;1.080521;0.112793
2078;-0.108185;0.738617;-0.012100
2079;-0.202347;0.561798;0.057236
2080;-0.261353;0.387451;0.133835
2081;-0.328384;0.373474;0.136215
2082;-0.262878;0.403152;-0.092850
2083;-0.120956;0.786850;-0.530334
2084;0.064316;1.857300;-1.377014
2085;0.197037;1.200668;-0.886124
2086;-0.050537;0.580505;-0.346390
2087;-0.329117;0.973907;0.235886
2088;-0.261871;2.310455;-0.428207
2089;-0.147446;0.340652;0.788223
2090;-1.032486;-0.270828;0.431549
2091;0.475723;2.210724;-0.046692
2092;0.191269;0.896164;0.015915
2093;-0.603455;0.694794;0.070099
2094;-0.048431;0.972946;0.050797
2095;0.031845;0.925186;-0.026886
2096;-0.124664;0.901810;0.114578
2097;0.008377;1.010620;-0.053116
2098;0.145096;1.064896;-0.162537
2099;0.165237;1.036179;-0.322113
2100;0.196259;1.194656;-0.118286
2101;0.463043;1.257629;-0.130203
2102;0.145126;1.177353;-0.509338
2103;0.236908;1.273911;-0.380600
2104;-0.065552;1.294815;-0.420090
2105;-0.803406;1.506256;0.325577
2106;-0.459320;1.488831;0.141602
2107;0.006958;1.392609;-0.404099
2108;0.041916;1.077652;0.088623
2109;-0.236206;0.712723;0.036285
2110;-0.218918;0.567734;0.033066
2111;-0.251755;0.389679;0.134033
2112;-0.329208;0.262192;0.193298
2113;-0.228226;0.370163;-0.001099
2114;-0.208755;0.578430;-0.323792
2115;0.073090;1.482956;-1.424454
2116;0.100189;1.730240;-1.220627
2117;-0.325684;0.654678;-0.395142
2118;-0.167236;0.533264;-0.095840
2119;-0.262497;1.863663;0.107773
2120;0.274109;0.740662;0.787735
2121;-0.541992;0.008453;0.660873
2122;0.222687;1.630264;-0.070404
2123;0.308868;1.238571;-0.084366
2124;-0.411499;0.746384;-0.039963
2125;-0.272232;0.890976;-0.045929
2126;0.064835;0.926300;-0.064148
2127;-0.045670;0.865250;0.054855
2128;-0.110092;0.891922;0.046707
2129;0.073410;1.041336;-0.086380
2130;0.125381;1.102173;-0.251938
2131;0.245377;1.132065;-0.215134
2132;0.365875;1.237091;-0.161118
2133;0.199997;1.247299;-0.481461
2134;0.191483;1.214401;-0.483002
2135;-0.030167;1.338898;-0.402130
2136;-0.557785;1.493576;0.256256
2137;-0.490631;1.388840;0.221909
2138;0.266708;1.347717;-0.322968
2139;0.021576;1.204697;-0.012253
2140;-0.178925;0.839478;-0.013855
2141;-0.231735;0.707001;-0.020004
2142;-0.253754;0.524216;0.116623
2143;-0.303848;0.407928;0.175079
2144;-0.204910;0.417328;0.036972
2145;-0.206512;0.525925;-0.251038
2146;0.009811;1.078079;-0.879181
2147;-0.103806;1.871307;-1.448547
2148;-0.108414;0.771149;-0.444458
2149;-0.338120;0.991058;-0.187256
2150;0.083923;1.914337;-0.329147
2151;-0.173798;0.091446;0.729446
2152;-0.093262;0.241531;0.572449
2153;0.380096;1.999527;-0.245956
2154;0.143814;1.005188;0.000290
2155;-0.501648;0.826111;-0.014572
2156;-0.223755;0.951370;-0.003555
2157;-0.038818;0.906738;-0.013931
2158;-0.119522;0.886993;0.014236
2159;-0.012314;0.800064;0.027679
2160;0.022964;0.964920;-0.016571
2161;0.017868;1.072296;-0.212234
2162;0.071838;1.118607;-0.219208
2163;0.406158;1.196030;-0.129349
2164;0.248993;1.335297;-0.381943
2165;0.348618;1.412704;-0.344315
2166;0.064392;1.323608;-0.232788
2167;-0.697189;1.252716;-0.082184
2168;-0.547272;1.447220;0.440125
2169;0.223328;1.368729;-0.264587
2170;-0.014847;1.260117;-0.087631
2171;-0.055435;0.876175;0.029022
2172;-0.156982;0.648895;-0.028107
2173;-0.229660;0.512772;0.113037
2174;-0.301117;0.409195;0.187149
2175;-0.294540;0.430908;0.096771
2176;-0.258667;0.446823;-0.087646
2177;-0.293839;0.891693;-0.438828
2178;-0.074692;1.885651;-1.645126
2179;0.054352;1.182861;-0.822235
2180;-0.050827;0.778442;-0.374542
2181;-0.161835;1.310715;-0.020920
2182;-0.079147;2.006638;-0.179291
2183;-0.568100;-0.074341;0.521866
2184;-0.009888;0.139618;0.868744
2185;0.651291;2.281616;-0.389404
2186;-0.009796;0.820068;-0.020432
2187;-0.524200;0.749496;-0.021423
2188;-0.096878;0.959061;-0.012543
2189;-0.033295;0.916000;-0.029037
2190;-0.140259;0.849304;0.068848
2191;0.100388;0.878967;0.023682
2192;0.130737;1.012955;-0.065552
2193;0.054367;1.043152;-0.233154
2194;0.103271;1.160980;-0.114502
2195;0.349792;1.204025;-0.084717
2196;0.110260;1.258636;-0.483704
2197;0.417221;1.520401;-0.248978
2198;-0.000671;1.274887;-0.178513
2199;-0.777054;1.206238;0.002029
2200;-0.443787;1.363617;0.348709
2201;0.315094;1.328033;-0.342575
2202;-0.033463;1.209274;-0.061691
2203;-0.109543;0.813583;0.008347
2204;-0.143509;0.652435;-0.050140
2205;-0.192429;0.518661;0.093643
2206;-0.273926;0.364731;0.123444
2207;-0.225891;0.422974;0.058960
2208;-0.194611;0.553467;-0.168396
2209;-0.163528;1.064346;-0.694550
2210;0.099945;1.955368;-1.485321
2211;0.050156;0.984192;-0.684189
2212;0.027542;0.541565;-0.099564
2213;-0.285797;2.003769;-0.417496
2214;-0.393890;0.840775;-0.313904
2215;-1.176483;-0.191956;0.498901
2216;0.279236;1.697342;-0.037430
2217;0.599045;1.321259;-0.076401
2218;-0.233032;0.746994;-0.024719
2219;-0.165482;0.894348;0.003235
2220;0.023315;0.970551;-0.094788
2221;-0.106934;0.859772;0.001678
2222;-0.085327;0.841415;-0.012238
2223;0.064331;0.970581;-0.015808
2224;0.039093;0.980865;-0.198364
2225;0.249420;1.085464;-0.247360
2226;0.284683;1.213638;-0.146774
2227;0.233536;1.294846;-0.288300
2228;0.243988;1.291214;-0.592194
2229;0.181625;1.409149;-0.381226
2230;-0.606430;1.403061;-0.028427
2231;-0.477768;1.484695;0.582306
2232;-0.038727;1.445160;-0.400360
2233;-0.028259;1.259918;-0.038239
2234;-0.076019;0.841232;-0.003677
2235;-0.197800;0.618927;-0.042053
2236;-0.129379;0.453140;0.092484
2237;-0.224258;0.286209;0.149002
2238;-0.183823;0.347794;0.086472
2239;-0.154251;0.539261;-0.230347
2240;-0.032974;1.243881;-0.938889
2241;-0.058945;1.747894;-1.416229
2242;-0.083481;0.802811;-0.405075
2243;0.079819;0.425064;-0.134720
2244;-0.393097;1.845810;-0.233887
2245;-0.044632;1.650070;-1.029739
2246;-0.990479;-0.040161;0.170746
2247;0.198715;1.169327;0.080566
2248;0.686249;1.625244;-0.081360
2249;-0.198395;0.725708;-0.050735
2250;-0.289337;0.833359;-0.051971
2251;0.034225;0.919327;-0.066833
2252;0.005569;0.863647;-0.023529
2253;-0.016312;0.843231;0.015594
2254;0.052841;0.986710;-0.054138
2255;0.063431;1.046555;-0.197342
2256;0.123306;1.157150;-0.258942
2257;0.276306;1.171417;-0.041992
2258;0.261673;1.350525;-0.344757
2259;0.210098;1.387756;-0.421677
2260;0.190018;1.317688;-0.190170
2261;-0.583054;1.261749;-0.046066
2262;-0.566620;1.467285;0.495575
2263;0.094543;1.480072;-0.382278
2264;-0.018524;1.270767;-0.045044
2265;-0.083450;0.804321;-0.005508
2266;-0.165146;0.547211;-0.009857
2267;-0.147568;0.451645;0.086823
2268;-0.273407;0.355667;0.141647
2269;-0.207047;0.378464;0.052353
2270;-0.124084;0.488464;-0.218124
2271;-0.043533;1.144043;-0.797592
2272;0.158966;1.829590;-1.382370
2273;0.021927;0.788727;-0.418686
2274;-0.207581;0.715256;-0.202698
2275;-0.288910;2.125092;-0.502777
2276;-0.079880;0.612381;0.112442
2277;-1.062714;-0.329300;0.191559
2278;0.401505;1.750153;-0.021759
2279;0.578156;1.264481;-0.032578
2280;-0.401825;0.666351;0.044052
2281;-0.175278;0.916779;-0.021561
2282;0.060349;0.991226;-0.067459
2283;-0.147415;0.794266;0.075989
2284;-0.095795;0.851959;0.059891
2285;0.013153;0.986053;0.002304
2286;0.098282;1.070557;-0.244690
2287;0.027710;1.205765;-0.243698
2288;0.535675;1.284866;-0.205032
2289;0.420929;1.403671;-0.515854
2290;0.504623;1.608734;-0.337494
2291;-0.247849;1.223053;-0.058884
2292;-1.447296;1.466995;0.468765
2293;-0.144730;1.324356;0.046722
2294;-0.012009;1.498428;-0.326965
2295;-0.092407;1.015030;0.231033
2296;-0.213196;0.669373;-0.065964
2297;-0.119308;0.516907;-0.002213
2298;-0.207413;0.318588;0.121429
2299;-0.258606;0.269974;0.172714
2300;-0.101685;0.343292;-0.057953
2301;-0.081787;0.699738;-0.403824
2302;-0.038483;1.934723;-1.572220
2303;0.177048;1.246521;-1.084793
2304;-0.124039;0.445175;-0.159348
2305;-0.314911;1.699371;-0.131699
2306;0.073120;1.585312;-0.402344
2307;-0.890793;-0.095673;0.296402
2308;0.278900;1.045486;0.230652
2309;0.681808;1.622681;-0.078735
2310;-0.206543;0.781769;-0.008057
2311;-0.307495;0.867218;-0.080750
2312;0.023010;0.961975;-0.034073
2313;-0.051117;0.851929;0.007523
2314;-0.071503;0.856094;0.042465
2315;0.066864;0.965149;-0.015305
2316;0.048508;1.027771;-0.212967
2317;0.137772;1.114716;-0.226959
2318;0.233582;1.183792;-0.114960
2319;0.273010;1.338913;-0.352737
2320;0.277084;1.280853;-0.584229
2321;-0.019424;1.434219;-0.490753
2322;-0.373947;1.164246;-0.002090
2323;-0.588242;1.456238;0.528961
2324;0.013367;1.610962;-0.377777
2325;-0.032806;1.183929;-0.073853
2326;-0.234329;0.825638;0.008713
2327;-0.079254;0.611862;-0.059738
2328;-0.089935;0.470642;0.093430
2329;-0.260376;0.388275;0.136826
2330;-0.230789;0.384918;0.078400
2331;-0.139221;0.500320;-0.180588
2332;0.028015;1.030289;-0.687637
2333;0.136398;2.081741;-1.500000
2334;0.020447;0.943832;-0.723068
2335;0.051361;0.489944;-0.130630
2336;-0.355804;1.667999;-0.038818
2337;0.117706;1.915787;-0.687195
2338;-0.779190;-0.097488;0.156143
2339;0.095688;0.823593;0.346802
2340;0.898422;1.823776;-0.041779
2341;-0.218033;0.711594;-0.045334
2342;-0.307114;0.812714;-0.037155
2343;0.023621;0.924881;-0.020737
2344;-0.059540;0.879776;-0.046814
2345;-0.055710;0.847336;0.030243
2346;0.052673;0.953156;0.018692
2347;-0.056686;1.008774;-0.070007
2348;0.111298;1.103516;-0.173828
2349;0.106415;1.187622;-0.122131
2350;0.330917;1.357986;-0.184296
2351;0.199844;1.311905;-0.447968
2352;0.312271;1.557465;-0.365952
2353;-0.161209;1.188614;-0.275162
2354;-1.050415;1.226318;0.349731
2355;0.001389;1.346878;-0.051117
2356;-0.099319;1.336807;-0.115158
2357;-0.114471;1.052002;0.075577
2358;-0.074585;0.735504;-0.104568
2359;-0.169739;0.510086;0.012421
2360;-0.174850;0.450699;0.100876
2361;-0.204147;0.391068;0.078339
2362;-0.156891;0.438507;-0.100357
2363;-0.084305;0.810059;-0.469940
2364;0.055496;1.827881;-1.423477
2365;0.112137;1.153625;-0.991470
2366;-0.041199;0.516052;-0.225006
2367;-0.407928;1.610229;0.079742
2368;0.486649;1.767746;-0.069778
2369;-0.795105;-0.137009;0.122314
2370;0.118927;0.502975;0.647980
2371;0.664795;2.047897;-0.144623
2372;-0.120117;0.764908;-0.028305
2373;-0.334732;0.806198;-0.030914
2374;-0.015564;0.973541;-0.019318
2375;-0.099747;0.856110;-0.014755
2376;-0.053238;0.866943;0.086685
2377;0.046249;0.957748;-0.028870
2378;0.011566;1.004242;-0.198334
2379;0.171753;1.092667;-0.217331
2380;0.181366;1.171005;-0.156326
2381;0.449005;1.358795;-0.274506
2382;0.297028;1.474640;-0.473038
2383;0.085815;1.382248;-0.279343
2384;-0.575272;1.205643;-0.121628
2385;-0.665863;1.399704;0.456131
2386;0.064789;1.329437;-0.404022
2387;-0.047485;1.278717;-0.011475
2388;0.000305;0.898331;0.002625
2389;-0.133560;0.583572;-0.077179
2390;-0.175720;0.437332;0.052917
2391;-0.249405;0.338455;0.096893
2392;-0.136917;0.315338;-0.000778
2393;-0.110596;0.513870;-0.236343
2394;0.051437;1.201492;-0.930984
2395;0.069855;1.950256;-1.560608
2396;-0.020645;0.752487;-0.443329
2397;-0.031021;0.386612;0.101059
2398;-0.300995;1.889587;-0.322876
2399;-0.039536;1.251938;-0.834946
2400;-1.005264;-0.142380;0.102844
2401;0.433975;1.258850;0.074371
2402;0.643417;1.451553;-0.061234
2403;-0.259323;0.766510;0.008026
2404;-0.285583;0.878723;-0.034607
2405;-0.018326;0.959625;-0.045151
2406;-0.105392;0.872971;0.025314
2407;-0.033142;0.886246;0.082901
2408;-0.031464;0.963699;-0.022430
2409;0.022873;1.114777;-0.199127
2410;0.184967;1.152908;-0.264267
2411;0.409851;1.270035;-0.221390
2412;0.335861;1.350159;-0.499496
2413;0.323975;1.279343;-0.063873
2414;-0.238007;1.501587;-0.246155
2415;-0.727112;1.202545;0.556091
2416;-0.383987;1.333359;-0.057724
2417;-0.125015;1.294067;-0.266190
2418;0.003387;1.076187;0.048630
2419;-0.067291;0.749969;-0.107254
2420;-0.080948;0.634613;-0.026306
2421;-0.227524;0.457458;0.060806
2422;-0.283676;0.314865;0.049698
2423;-0.074219;0.387344;-0.066254
2424;-0.034897;0.650162;-0.367020
2425;0.128647;1.447937;-1.133377
2426;0.163818;1.690216;-1.331421
2427;-0.078674;0.773132;-0.468414
2428;-0.173553;0.527863;0.168106
2429;-0.263199;1.967773;-0.245880
2430;-0.367661;0.814056;-0.138321
2431;-0.761307;0.030289;0.559402
2432;0.366989;1.619141;-0.131943
2433;0.388840;1.141739;-0.089874
2434;-0.257721;0.763535;0.018387
2435;-0.149292;0.923126;-0.041718
2436;0.030777;0.926941;-0.080002
2437;-0.080673;0.849121;-0.004349
2438;0.032715;0.861176;0.046997
2439;-0.015106;1.015732;-0.071152
2440;0.099304;1.049957;-0.218231
2441;0.158447;1.213196;-0.265289
2442;0.389160;1.337357;-0.183533
2443;0.261444;1.310684;-0.578796
2444;0.297028;1.429413;-0.197052
2445;-0.582901;1.279373;-0.425735
2446;-0.716705;1.281815;0.560928
2447;-0.060684;1.300293;-0.118607
2448;-0.010117;1.317917;-0.281845
2449;-0.047379;0.993347;0.098450
2450;-0.195541;0.711792;-0.080887
2451;-0.138184;0.621368;-0.054993
2452;-0.151993;0.488876;0.053558
2453;-0.224716;0.352859;0.112762
2454;-0.137299;0.468903;-0.104370
2455;-0.100876;0.782700;-0.390762
2456;-0.044266;1.486740;-1.214844
2457;0.244278;1.430603;-1.023071
2458;0.036652;0.740250;-0.294556
2459;-0.243469;0.557388;0.030792
2460;-0.162598;2.126358;-0.007462
2461;-0.430267;1.180679;-0.725281
2462;-0.997925;-0.099258;0.360809
2463;0.541748;1.632736;0.125076
2464;0.426208;1.157089;-0.028763
2465;-0.404053;0.665207;-0.031021
2466;-0.089340;0.846405;0.011780
2467;0.106110;0.942703;0.001480
2468;-0.121017;0.832489;0.031052
2469;0.058121;0.941071;-0.001816
2470;0.081741;1.086029;-0.164505
2471;0.054764;1.066940;-0.219055
2472;0.243942;1.193008;-0.178146
2473;0.417099;1.326294;-0.243088
2474;0.160828;1.241867;-0.628372
2475;0.163498;1.287735;-0.130997
2476;-0.526062;1.115662;-0.184708
2477;-0.485260;1.604111;0.636002
2478;-0.164841;1.310867;-0.326355
2479;-0.088394;1.304199;-0.081909
2480;-0.069992;0.911774;-0.042465
2481;-0.187057;0.710403;-0.059326
2482;-0.055405;0.661026;0.035919
2483;-0.187592;0.433121;0.113098
2484;-0.221924;0.340149;0.091415
2485;-0.126526;0.464493;-0.212082
2486;0.019714;0.858093;-0.724213
2487;0.021667;1.824890;-1.259003
2488;-0.052460;1.066498;-0.856659
2489;-0.004028;0.525223;-0.318100
2490;-0.468185;1.793655;-0.008240
2491;0.173004;1.506775;-0.278183
2492;-0.697067;0.073639;0.260895
2493;0.171417;0.865265;0.270508
2494;0.489441;1.592117;-0.116531
2495;-0.097610;0.873520;-0.038010
2496;-0.317352;0.853073;-0.063599
2497;0.021240;0.933350;-0.023041
2498;0.067215;0.895340;-0.054657
2499;0.015549;0.855469;0.023346
2500;0.119965;0.914200;0.015579
2501;-0.090561;1.038940;-0.174896
2502;0.100998;1.029221;-0.225815
2503;0.252182;1.210953;-0.271210
2504;0.372437;1.371719;-0.335144
2505;0.213425;1.193008;-0.494370
2506;-0.054092;1.552002;-0.402893
2507;-0.239456;1.092834;0.115036
2508;-0.516174;1.561493;0.353149
2509;-0.080704;1.311142;-0.289124
2510;-0.029327;1.371384;-0.052505
2511;-0.153076;0.927734;-0.061554
2512;-0.154099;0.664001;-0.046204
2513;-0.077988;0.559113;0.069550
2514;-0.196625;0.399292;0.106628
2515;-0.223190;0.362320;0.060516
2516;-0.104111;0.457458;-0.202301
2517;-0.002258;0.847183;-0.635941
2518;0.088776;1.823990;-1.366425
2519;0.110703;1.129501;-0.860107
2520;-0.034546;0.501877;-0.289169
2521;-0.490204;1.507324;0.307343
2522;-0.098190;1.859100;-0.495834
2523;-0.138840;0.186798;0.901047
2524;-0.053558;0.306900;0.308792
2525;0.413574;1.732040;-0.017029
2526;0.006439;0.995239;-0.021500
2527;-0.388580;0.791931;-0.039642
2528;-0.049301;0.928909;-0.009796
2529;-0.008316;0.915283;-0.041382
2530;-0.078140;0.839386;0.051285
2531;0.047791;0.907440;0.012924
2532;-0.035889;0.985565;-0.088593
2533;0.068405;1.032257;-0.284286
2534;0.198105;1.211578;-0.255264
2535;0.419098;1.320862;-0.243774
2536;0.308517;1.241165;-0.594025
2537;0.083633;1.514282;-0.392471
2538;-0.318100;1.188187;-0.144775
2539;-0.617279;1.484100;0.553787
2540;-0.146271;1.362610;-0.237701
2541;-0.047714;1.440552;-0.149399
2542;-0.168701;1.015686;-0.008804
2543;-0.201584;0.697113;-0.070572
2544;-0.102036;0.553543;0.040024
2545;-0.153748;0.410919;0.110840
2546;-0.204407;0.382751;0.121307
2547;-0.156799;0.399567;-0.146317
2548;-0.037415;0.782455;-0.613144
2549;0.100952;1.666855;-1.239487
2550;0.063156;1.129166;-0.993698
2551;-0.019241;0.659622;-0.348328
2552;-0.361099;0.763519;-0.024551
2553;-0.233459;2.138931;-0.144821
2554;0.138458;0.422531;1.246384
2555;-0.563187;-0.066772;0.620956
2556;0.196503;1.654694;0.046295
2557;0.305084;1.212250;-0.047775
2558;-0.439346;0.724869;-0.095062
2559;-0.079453;0.878448;0.020020
2560;0.113403;0.952988;-0.095139
2561;-0.045639;0.816254;0.002945
2562;0.076126;0.868942;0.072464
2563;-0.051544;1.022125;-0.090225
2564;-0.022781;1.028015;-0.249969
2565;0.241821;1.172989;-0.196671
2566;0.327499;1.260529;-0.114487
2567;0.179062;1.310898;-0.521713
2568;0.361588;1.207474;-0.056702
2569;-0.259583;1.400909;-0.437454
2570;-0.499741;1.287216;0.311905
2571;-0.332687;1.479736;0.086090
2572;0.066803;1.418762;-0.233261
2573;-0.000427;1.181808;-0.004837
2574;-0.139877;0.863434;-0.062881
2575;-0.205917;0.579971;-0.006195
2576;-0.200821;0.379303;0.127579
2577;-0.239532;0.310486;0.176926
2578;-0.161865;0.347519;0.047714
2579;-0.168655;0.558716;-0.324356
2580;0.027679;1.275391;-1.079712
2581;0.151810;1.753754;-1.298553
2582;-0.021881;0.871140;-0.567871
2583;0.150421;0.353912;-0.270355
2584;-0.463272;1.799835;-0.098572
2585;-0.161255;1.989487;-1.400635
2586;-0.901047;-0.070969;0.329483
2587;0.019791;1.165817;0.030212
2588;0.818817;1.708542;-0.053238
2589;-0.222656;0.714172;-0.112061
2590;-0.374207;0.751221;-0.021011
2591;0.087311;0.957108;-0.064056
2592;0.028687;0.845276;-0.058258
2593;-0.111115;0.828400;0.007431
2594;0.045197;0.920517;-0.012543
2595;0.092102;1.135239;-0.152435
2596;0.051361;1.172012;-0.211685
2597;0.321274;1.210205;-0.020905
2598;0.233337;1.336014;-0.277695
2599;0.182617;1.253418;-0.540741
2600;0.273285;1.522552;-0.412399
2601;-0.446548;1.183838;-0.267471
2602;-0.731033;1.615234;0.710526
2603;0.025391;1.470123;-0.381439
2604;0.046844;1.330551;0.019302
2605;-0.123962;0.808762;0.113083
2606;-0.173309;0.549652;-0.015594
2607;-0.080078;0.457260;0.115768
2608;-0.235458;0.292084;0.242859
2609;-0.259949;0.284286;0.178848
2610;-0.218353;0.470322;-0.128647
2611;-0.131027;1.105545;-0.778900
2612;-0.281830;2.269882;-1.722473
2613;-0.028549;0.884583;-0.479202
2614;0.174667;0.391266;-0.312759
2615;-0.365402;1.682053;0.234253
2616;-0.023911;2.153107;-1.360153
2617;-0.698166;-0.237457;0.324112
2618;0.167130;0.609543;0.294388
2619;0.908188;2.184509;-0.099960
2620;-0.185410;0.754868;-0.029648
2621;-0.381210;0.700302;-0.015152
2622;0.068497;0.973633;-0.006439
2623;-0.082855;0.893158;-0.001419
2624;-0.163040;0.865372;0.050339
2625;0.073349;0.953445;-0.087280
2626;0.100815;0.998001;-0.213028
2627;0.274750;1.147461;-0.125168
2628;0.262497;1.200531;-0.155670
2629;0.249435;1.311234;-0.506790
2630;0.349701;1.373550;-0.453293
2631;-0.088150;1.222595;-0.468155
2632;-0.757935;1.520020;0.263260
2633;-0.500397;1.479324;0.066711
2634;0.044266;1.404190;-0.265778
2635;-0.041977;1.104401;-0.014969
2636;-0.159943;0.781967;-0.049774
2637;-0.175354;0.643005;-0.024033
2638;-0.185287;0.453705;0.107758
2639;-0.224823;0.310883;0.149704
2640;-0.110168;0.398788;-0.007797
2641;-0.169495;0.511017;-0.361206
2642;-0.015366;1.071640;-0.967499
2643;-0.162857;1.831711;-1.403046
2644;-0.121506;0.835602;-0.502823
2645;-0.605682;0.987137;-0.214645
2646;-0.041611;1.971710;-0.192490
2647;-0.232101;0.318680;0.544022
2648;-0.110992;0.176590;0.549744
2649;0.203186;1.749023;-0.129791
2650;0.285995;1.127594;-0.126373
2651;-0.369736;0.789658;0.003464
2652;-0.315002;0.863907;-0.048828
2653;0.034348;0.953064;-0.073486
2654;-0.017654;0.870132;0.079346
2655;-0.037109;0.763046;0.030060
2656;0.013428;0.930542;-0.042007
2657;0.033798;1.100616;-0.205521
2658;0.118866;1.131744;-0.311371
2659;0.327454;1.267014;-0.185410
2660;0.308075;1.320572;-0.381989
2661;0.290588;1.380844;-0.501938
2662;0.011444;1.371414;-0.485123
2663;-0.735123;1.520905;0.190582
2664;-0.298737;1.381821;0.402939
2665;0.280029;1.472641;-0.318985
2666;-0.120193;1.182449;0.024261
2667;-0.191803;0.796585;0.038727
2668;-0.134949;0.637558;-0.023895
2669;-0.187561;0.397995;0.118362
2670;-0.243149;0.324738;0.216507
2671;-0.176727;0.341385;0.032120
2672;-0.161942;0.523560;-0.296494
2673;0.077820;1.170074;-1.022156
2674;-0.135254;1.770920;-1.341431
2675;-0.209854;0.778427;-0.387405
2676;-0.038635;0.516678;-0.376251
2677;-0.061096;2.037170;-0.291733
2678;-0.381821;1.373276;-0.249207
2679;-0.501297;-0.003662;0.708588
2680;-0.098862;1.293045;-0.147583
2681;0.509888;1.500549;-0.076447
2682;-0.115005;0.875732;-0.094574
2683;-0.285583;0.847916;-0.153702
2684;-0.012054;0.939545;-0.087341
2685;0.125076;0.864578;-0.104752
2686;-0.038971;0.847214;-0.088196
2687;0.097275;0.770462;-0.027695
2688;0.019577;0.973190;-0.093750
2689;0.028091;0.973877;-0.059189
2690;0.083740;1.208984;-0.176193
2691;0.220901;1.354706;-0.042252
2692;-0.005234;1.237289;-0.477219
2693;0.482376;1.628235;-0.287643
2694;-0.101044;1.373184;-0.293365
2695;-0.686417;1.077194;-0.190231
2696;-0.257935;1.420441;0.303940
2697;0.283600;1.377960;-0.331680
2698;-0.147491;1.157349;0.027405
2699;-0.100052;0.839890;0.010178
2700;-0.115662;0.534103;-0.029358
2701;-0.130005;0.421631;0.090942
2702;-0.162262;0.397415;0.129395
2703;-0.224289;0.352539;0.060379
2704;-0.226120;0.526535;-0.200546
2705;-0.138382;1.190292;-0.792877
2706;0.022186;2.023727;-1.680267
2707;0.098755;0.808701;-0.416870
2708;0.330505;0.273941;-0.114105
2709;-0.581696;1.879074;0.458344
2710;-0.224014;2.569290;-2.412872
2711;-1.036377;-0.265366;0.463348
2712;0.113327;0.937561;0.049149
2713;0.971664;2.105667;-0.107040
2714;-0.268723;0.750458;-0.035263
2715;-0.423660;0.740768;-0.001862
2716;0.041733;0.931152;-0.004700
2717;0.009796;0.844910;0.062912
2718;-0.102539;0.818954;0.079865
2719;0.084564;0.954895;-0.111572
2720;0.089325;1.110809;-0.115372
2721;0.025986;1.121780;-0.164505
2722;0.277954;1.193573;-0.060349
2723;0.228012;1.298920;-0.274414
2724;0.161270;1.199036;-0.526215
2725;0.396973;1.572128;-0.291550
2726;-0.268219;1.167984;-0.193253
2727;-0.867798;1.491287;0.451447
2728;-0.064438;1.432037;-0.086594
2729;0.026718;1.443405;-0.196136
2730;-0.097870;0.924164;0.093903
2731;-0.143173;0.712677;-0.006546
2732;-0.132874;0.562393;0.061813
2733;-0.253510;0.423920;0.164597
2734;-0.280365;0.373734;0.185455
2735;-0.215530;0.418411;-0.008133
2736;-0.223755;0.713882;-0.344742
2737;0.043793;1.533493;-1.353546
2738;-0.016907;1.447845;-1.095413
2739;-0.191086;0.704712;-0.421509
2740;-0.235229;0.722214;-0.196655
2741;-0.280563;1.979401;-0.126862
2742;-0.018616;0.591492;0.366028
2743;-0.526047;-0.113235;0.601379
2744;0.219406;1.819153;0.036285
2745;0.427643;1.267822;-0.140320
2746;-0.434128;0.768616;0.007187
2747;-0.235245;0.887390;0.033813
2748;-0.035919;0.927551;-0.051331
2749;-0.096069;0.911514;0.046402
2750;0.000427;0.852432;-0.009781
2751;-0.001907;0.942551;0.000702
2752;0.021500;1.042068;-0.096146
2753;-0.081650;1.004745;-0.167877
2754;0.237564;1.115158;-0.017349
2755;0.312180;1.228119;-0.065186
2756;0.125580;1.211121;-0.468979
2757;0.414917;1.540848;-0.237045
2758;-0.012131;1.225876;0.100296
2759;-0.937531;1.205734;0.069733
2760;-0.286224;1.328064;0.217209
2761;0.090912;1.347000;-0.315735
2762;-0.130585;1.085648;0.101700
2763;-0.128403;0.869125;0.003418
2764;-0.167465;0.700668;-0.036850
2765;-0.211609;0.554642;0.067871
2766;-0.227127;0.461853;0.101105
2767;-0.162964;0.453918;0.048477
2768;-0.184601;0.525528;-0.169418
2769;-0.141098;0.942657;-0.535477
2770;-0.109848;1.749405;-1.513367
2771;0.039429;1.207016;-0.785538
2772;-0.155365;0.754379;-0.448914
2773;-0.352676;1.828537;-0.123474
2774;0.188797;0.810959;0.306976
2775;-1.073792;-0.336609;0.071960
2776;0.297592;1.627167;0.182083
2777;0.781525;1.441132;-0.134674
2778;-0.359360;0.708923;-0.034012
2779;-0.224503;0.880417;-0.016693
2780;0.006790;1.029724;-0.080139
2781;0.002365;0.906357;-0.004013
2782;-0.068527;0.841690;0.007629
2783;0.103058;0.962250;0.011826
2784;-0.075180;1.029922;-0.108154
2785;0.018799;1.009125;-0.272171
2786;0.209442;1.138611;-0.177216
2787;0.275696;1.205811;-0.160446
2788;0.210449;1.218307;-0.527298
2789;0.400330;1.293243;-0.209610
2790;-0.281052;1.313904;-0.195908
2791;-0.629608;1.317261;0.431259
2792;-0.400986;1.396912;-0.127213
2793;-0.026764;1.294952;-0.225739
2794;-0.081589;1.097687;-0.013214
2795;-0.113525;0.806290;-0.112579
2796;-0.142181;0.693466;-0.034546
2797;-0.174408;0.542328;0.071289
2798;-0.226746;0.371490;0.061356
2799;-0.076370;0.416840;-0.045395
2800;-0.063339;0.535599;-0.340988
2801;0.042007;0.952591;-0.827805
2802;0.058792;1.730133;-1.247299
2803;-0.037048;0.985428;-0.696609
2804;-0.100967;0.537460;-0.292404
2805;-0.617844;1.838608;-0.164001
2806;-0.086487;1.258743;-0.549133
2807;-0.696594;-0.015320;0.333252
2808;0.177444;1.234390;0.087997
2809;0.440948;1.468628;0.052216
2810;-0.084961;0.885223;-0.011749
2811;-0.389648;0.829773;-0.004456
2812;-0.107101;0.998657;0.007751
2813;-0.037949;0.833389;-0.025528
2814;-0.077820;0.824844;0.089905
2815;-0.045364;0.915787;-0.018723
2816;0.035355;1.065338;-0.098358
2817;0.037674;1.107254;-0.268188
2818;0.167313;1.219513;-0.171524
2819;0.420029;1.277664;-0.157394
2820;0.074158;1.210129;-0.567245
2821;0.291595;1.450821;-0.319580
2822;-0.169083;1.185654;-0.387009
2823;-0.701187;1.446411;0.490799
2824;-0.164886;1.289734;-0.053482
2825;0.078217;1.491821;-0.181717
2826;-0.109009;1.059311;0.038879
2827;-0.164047;0.745010;-0.022583
2828;-0.240097;0.676804;-0.006256
2829;-0.218155;0.561478;0.069672
2830;-0.233093;0.377274;0.146118
2831;-0.151855;0.327896;0.029953
2832;-0.136658;0.775955;-0.218887
2833;0.109787;1.265991;-1.097275
2834;0.337219;1.771194;-0.963165
2835;0.032043;0.698608;-0.392212
2836;0.273666;0.624878;-0.133865
2837;-0.342255;1.521545;0.545975
2838;-0.200287;2.051819;-1.257416
2839;-0.524887;-0.178543;0.468842
2840;0.245987;1.199066;0.203888
2841;0.377029;1.219620;0.142059
2842;-0.271164;1.041260;-0.026474
2843;-0.157181;0.972061;0.031036
2844;-0.248627;0.792282;0.001877
2845;-0.056396;0.833099;-0.019791
2846;-0.041870;0.880997;0.088379
2847;0.031876;0.984467;0.068314
2848;-0.004562;0.964844;-0.097061
2849;0.002045;1.062241;-0.112000
2850;0.131058;1.302917;-0.090576
2851;0.096924;1.453506;-0.141876
2852;0.097809;1.357544;-0.462845
2853;0.109619;1.395645;-0.048645
2854;-0.360168;1.598724;0.252182
2855;-0.581772;1.323135;0.499542
2856;-0.410126;1.257889;0.214920
2857;-0.124268;1.065414;-0.081146
2858;-0.026215;0.857117;-0.157883
2859;-0.065704;0.796555;0.277588
2860;0.004227;0.600998;0.088348
2861;0.096970;0.441635;-0.224716
2862;-0.135788;0.562759;0.095901
2863;0.025726;0.557480;-0.106781
2864;0.081238;0.642914;-0.128342
2865;0.200790;0.612823;-0.198151
2866;0.379852;0.969955;-0.166885
2867;0.288528;1.100647;-0.396973
2868;0.137161;1.756744;-0.062271
2869;-0.338699;2.134857;-0.045135
2870;-0.512741;0.676056;-0.615646
2871;-0.165863;0.886185;0.421387
2872;-0.010345;1.097488;-0.199142
2873;0.119095;0.910278;-0.228317
2874;-0.151611;0.759552;-0.021942
2875;-0.299271;1.050232;-0.054367
2876;-0.021973;1.087143;0.124313
2877;0.020004;1.008636;0.065552
2878;-0.054962;0.888458;0.059662
2879;-0.092697;0.989883;-0.043961
2880;-0.082474;0.870071;-0.033936
2881;-0.111832;1.033188;-0.077560
2882;-0.151367;0.785339;-0.080856
2883;0.105377;1.140366;-0.012253
2884;0.204422;1.166992;-0.164383
2885;0.124344;1.367691;0.037964
2886;-0.145111;1.572937;-0.017105
2887;-0.270889;1.761200;-0.054337
2888;-0.482285;1.603134;0.433243
2889;0.012848;0.792221;-0.246841
2890;-0.473206;1.015259;-0.128250
2891;-0.383194;0.943649;0.122116
2892;0.307846;1.143021;-0.417297
2893;-0.017609;1.320389;0.361099
2894;-0.084518;0.791916;0.665665
2895;0.004257;1.033676;0.112747
2896;-0.149582;0.674026;0.246811
2897;-1.079681;0.791916;0.500061
2898;-0.640015;0.694214;0.331879
2899;-0.486313;0.563614;0.251953
2900;-0.326370;0.410339;0.319748
2901;-0.603683;0.169250;0.282837
2902;-0.628784;-0.008148;0.091507
2903;-0.732498;-0.577911;0.228180
2904;-0.486481;-0.563721;0.435913
2905;-0.889297;-0.750198;0.461212
2906;-0.962326;-0.760849;-0.212036
2907;-0.449753;-1.024963;-0.561249
2908;-0.501663;-0.925064;0.012726
2909;-0.876785;-0.553635;0.562241
2910;-0.803955;-0.575928;0.497498
2911;-0.463516;-0.628860;0.043671
2912;-0.397980;-0.758698;0.168610
2913;-0.457428;-0.715149;0.030701
2914;-0.420837;-0.824158;-0.647293
2915;0.172012;-0.949127;-0.604019
2916;-0.479660;-0.748154;-0.948807
2917;-0.501465;-0.521179;0.113129
2918;-0.191269;-0.681885;-0.109879
2919;-0.948364;-0.903244;-0.292206
2920;-0.663330;-1.288895;-0.320419
2921;-0.063965;-1.192184;-0.253204
2922;-0.206726;-1.203888;-0.273422
2923;-0.208939;-1.094116;-0.253357
2924;-0.441727;-0.716080;-0.572342
2925;-0.272446;-0.568817;-0.650909
2926;-0.050446;-0.278748;-0.626251
2927;-0.591553;-0.104889;-0.733887
2928;-0.195969;-0.131424;-1.068283
2929;-0.203522;-0.200699;-0.915176
2930;-0.121201;-0.352661;-0.782288
2931;-0.188766;-0.391281;-0.806137
2932;-0.158432;-0.333649;-1.001587
2933;0.063858;-0.355316;-1.021378
2934;0.064957;-0.319839;-0.945679
2935;-0.166306;-0.517654;-1.025787
2936;-0.321365;-0.326736;-0.959320
2937;-0.030060;-0.232788;-1.093399
2938;-0.190552;-0.332306;-0.999695
2939;-0.084457;-0.257996;-0.992828
2940;-0.103897;-0.303513;-0.974792
2941;-0.050446;-0.339279;-0.972961
2942;-0.056015;-0.387146;-0.845825
2943;-0.117813;-0.474136;-0.738373
2944;-0.185257;-0.471008;-0.502487
2945;-0.092941;-0.487534;-0.897003
2946;-0.139694;-0.481033;-0.907455
